ReceiveDate,TIME,W/C,PO No.,Item Name,DWG. No,Q'ty,วันที่ Insp เสร็จ,REJECT LIST,งานกลับมา,ORDER CONFIRM
2026-01-05,13:40,35,CVV6417,COLLET(OP2),4879-05-0032(REV.A),2,2026-01-06 00:00:00,,,
2026-01-05,17:00,30,CVV7515,DISK ROLLER REWORK,4559-03-9999,10,2026-01-06 00:00:00,,,
2026-01-05,17:00,06,CVV3806,FORMING BIT,N-19-301,5,2026-01-06 00:00:00,,,
2026-01-05,17:00,25,CVV4766,INSERT,45T1(N331.1A-115008H-ML-RT1),22,2026-01-06 00:00:00,,,
2026-01-05,17:00,06,CVV2518,BACK CHAMFER BIT,C-19-132(REV.F),19,2026-01-06 00:00:00,,,
2026-01-05,17:00,06,CVV3808,FORMING BIT,N-19-850,5,2026-01-09 00:00:00,,,
2026-01-05,17:00,06,CVV3807,FORMING BIT,N-19-818,5,2026-01-09 00:00:00,,,
2026-01-05,17:00,35,CVV5669,COLLET,4879-05-0011,2,2026-01-06 00:00:00,,,
2026-01-05,17:00,04,CVV5930,COLLET,FJ-4632-312-201(ROD2802W1/XL100),2,2026-01-06 00:00:00,,,
2026-01-06,16:00,39,CVV7874,STAKING PUNCH(REWORK),4591-01-0419,2,2026-01-08 00:00:00,,,
2026-01-06,16:00,39,CVV7875,STAKING PUNCH(REWORK),4591-01-0008,2,2026-01-09 00:00:00,,,
2026-01-06,16:00,25,CVV7029,BODY HOLDER (LOWER SIDE),4009-01-0016,1,2026-01-08 00:00:00,,,
2026-01-06,16:00,26,CVV5594,BODY HOLDER (NEW TYPE),4651-20-0008,2,2026-01-08 00:00:00,,,
2026-01-06,16:00,13,CVV5269,OUTER TRACK TRIP (BODY),022.133.146,3,2026-01-07 00:00:00,RETURN TO VENDER,,
2026-01-06,16:00,29,CVV8043,WORK DRIVER BODY,4664-15-0019,10,2026-01-07 00:00:00,,,
2026-01-06,16:00,29,CVV8036,HINGE PIN,4931-05-0005,3,2026-01-07 00:00:00,,,
2026-01-06,16:00,13,CVV6898,FEELER,G132-03-002(REV.NC)(2PCS/SET),3,2026-01-07 00:00:00,,,
2026-01-06,16:00,36,CVV7719,SPACER JIG,G361-01-0022(REV.NC),1,2026-01-07 00:00:00,,,
2026-01-06,16:00,13,CVV6895,FEELER,G132-01-0027(REV.NC)(2PCS/SET),3,2026-01-07 00:00:00,,,
2026-01-06,16:00,13,CVV6896,FEELER,G132-03-001(REV.NC)(2PCS/SET),5,2026-01-07 00:00:00,REJECT LIST,,
2026-01-06,16:00,13,CVV6899,FEELER(43),G132-01-0026(REV.NC)(2PCS/SET),3,2026-01-07 00:00:00,REJECT LIST,,
2026-01-06,17:30,03,CVV6546,DIE,FT1-130203-H,1,2026-01-08 00:00:00,,,
2026-01-06,17:30,03,CVV6548,DIE,F130198,1,8//1/26,,,
2026-01-06,17:30,10,CVV6700,FILLET ROLL,F840248(3PCS/SET),6,2026-01-09 00:00:00,,,
2026-01-06,17:30,10,CVV7579,FILLET ROLL(REWORK),F840248(3PCS/SET),1,2026-01-08 00:00:00,,,
2026-01-07,17:30,06,CVV7364,BORING BIT(REWORK),M-69-103,6,2026-01-08 00:00:00,,,
2026-01-07,17:30,06,CVV5194,FORMING BIT,N-19-818,10,2026-01-08 00:00:00,,,
2026-01-07,17:30,01,CVV7638,BASE PLATE,4001-01-0135-01,1,2026-01-08 00:00:00,,,
2026-01-09,9:00,37,CVV7720,SET PIN,4560-21-0211 (REV.NC),1,2026-01-09 00:00:00,,,
2026-01-12,12:00,35,CVV7821,PIN,4857-02-0031(REV.I),10,2026-01-13 00:00:00,REJECT LIST,,
2026-01-12,12:00,04,CVV7836,GROOVE CHUCK,FJ-2912-311-201(556328)DIA.4.40,4,2026-01-13 00:00:00,,,
2026-01-12,17:00,37,CVV3932,BLADE,4521-01-0001B,1,2026-01-14 00:00:00,,,
2026-01-12,17:00,30,CVV4439,BACK PLATE,4021-02-0020,1,2026-01-13 00:00:00,,,
2026-01-12,17:00,39,CVV8466,ASSEMBLY TOOL,4574-01-1027B,1,2026-01-13 00:00:00,,,
2026-01-12,17:00,39,CVV8467,ASSEMBLY TOOL,4574-01-1017B,1,2026-01-13 00:00:00,,,
2026-01-12,17:00,32,CVV8474,DOWEL PIN,G321-02-0002-12 (REV.NC),1,2026-01-13 00:00:00,,,
2026-01-12,17:00,04,CVV8606,GROOVE CHUCK,FJ-2912-311-201(555556)DIA.6.34,4,2026-01-14 00:00:00,,,
2026-01-12,17:00,25,CVV6524,HYDRA GRIP,4516-01-0620B,4,2026-01-14 00:00:00,,,
2026-01-12,17:00,29,CVV7096,REAR SHOE(B),4664-20-0002,1,2026-01-13 00:00:00,,,
2026-01-12,17:00,29,CVV7097,FRONT SHOE(B),4664-18-0002,3,2026-01-13 00:00:00,,,
2026-01-12,17:00,40,CVV7150,RING,4639-04-0156(REV.A),6,2026-01-13 00:00:00,REJECT LIST,,
2026-01-12,17:00,08,CVV7377,GAUGE,4853-07-0020 (REV.NC),1,2026-01-13 00:00:00,,,
2026-01-12,17:00,08,CVV7378,JAW,4853-06-0024 (REV.NC),1,2026-01-13 00:00:00,,,
2026-01-12,17:00,08,CVV7379,BACKING PLATE,4853-01-0022 (REV.NC),1,2026-01-13 00:00:00,,,
2026-01-12,17:00,39,CVV8462,PUNCH,9732-02-0013,1,2026-01-13 00:00:00,,,
2026-01-12,17:00,39,CVV8463,ASSEMBLY TOOL,4574-01-1039B,1,2026-01-13 00:00:00,,,
2026-01-12,17:00,39,CVV8464,ASSEMBLY TOOL,4574-01-1058A,1,2026-01-13 00:00:00,,,
2026-01-12,17:00,39,CVV8465,ASSEMBLY TOOL,4574-01-1050A,1,2026-01-13 00:00:00,,,
2026-01-12,17:00,26,CVV7685,CLAMP PLATE,4651-13-0008,1,2026-01-13 00:00:00,,,
2026-01-12,17:00,29,CVV8040,WORK DRIVER BODY,4664-15-0016 D,5,2026-01-13 00:00:00,,,
2026-01-12,17:00,21,CVV8069,CHUCK JAW,4894-01-0107,2,2026-01-14 00:00:00,,,
2026-01-12,17:00,21,CVV8071,CHUCK JAW,4894-01-0104 A,1,2026-01-13 00:00:00,,,
2026-01-12,17:00,21,CVV8072,CHUCK JAW,4894-01-0106 A,1,2026-01-13 00:00:00,,,
2026-01-12,17:00,37,CVV8214,SET PIN,4560-21-0212 (REV.NC),1,2026-01-13 00:00:00,,,
2026-01-13,14:00,01,CVV7640,CLAMP,4001-01-0135-03,4,2026-01-14 00:00:00,,,
2026-01-13,14:00,33,CVV7822,CHUCK JAW BLANK,4894-01-0117(REV.NC),2, 14/1/26,,,
2026-01-13,15:00,34,CVV8045,SWAGE DIE,4571-01-1137(REV.C),4,2026-01-16 00:00:00,,,
2026-01-13,15:00,03,CVV7563,DIE(REWORK),F100912,2,2026-01-14 00:00:00,,,
2026-01-13,15:00,03,CVV7564,DIE(REWORK),F130203,1,2026-01-14 00:00:00,,,
2026-01-13,15:00,03,CVV7565,DIE(REWORK),F130203,2,2026-01-14 00:00:00,,,
2026-01-13,15:00,03,CVV7566,DIE(REWORK),F130198,1,2026-01-14 00:00:00,,,
2026-01-13,15:00,03,CVV7567,DIE(REWORK),F130198,1,2026-01-14 00:00:00,,,
2026-01-13,15:00,03,CVV7568,DIE(REWORK),F130198,2,2026-01-14 00:00:00,,,
2026-01-13,15:00,25,CVV7031,BODY HOLDER (LOWER SIDE),4009-01-0062,1,2026-01-15 00:00:00,,,
2026-01-13,15:00,03,CVV7074,RING,FT1-710482,2,2026-01-14 00:00:00,,,
2026-01-13,15:00,34,CVV6531,DIE PIN,4571-02-1112(REV.F),4,2026-01-15 00:00:00,,,
2026-01-13,15:00,30,CVV7104,PLUG GAUGE,4559-18-0077,1,2026-01-14 00:00:00,,,
2026-01-14,16:30,,CVV7852,STAKING PUNCH(NEW),4591-01-0014,2,2026-01-16 00:00:00,,,
2026-01-14,16:30,13,CVV0981,FEELER,4999-01-0075,1,2026-01-17 00:00:00,,,
2026-01-14,16:30,30,CVV7580,GRINDING WHEEL(REWORK),4559-39-3002,13,2026-01-15 00:00:00,,,
2026-01-14,16:30,30,CVV7581,GRINDING WHEEL(REWORK),4559-39-3009,6,2026-01-15 00:00:00,,,
2026-01-14,16:30,30,CVV7582,GRINDING WHEEL(REWORK),4559-39-3010,6,2026-01-15 00:00:00,,,
2026-01-14,16:30,30,CVV7583,GRINDING WHEEL(REWORK),4559-39-3015,12,2026-01-15 00:00:00,,,
2026-01-14,16:30,30,CVV7584,GRINDING WHEEL(REWORK),4559-39-4008,6,2026-01-15 00:00:00,,,
2026-01-14,16:30,30,CVV7585,GRINDING WHEEL(REWORK),4559-39-4011 DIA.7.5*30*25 (8),4,2026-01-15 00:00:00,,,
2026-01-15,10:00,19,CVV2172,INSERT(REWORK),F-51-464 (FB15),38,2026-01-16 00:00:00,,,
2026-01-15,10:00,19,CVV0995,INSERT(REWORK),F-51-464 (FB15),29,2026-01-16 00:00:00,,,
2026-01-16,8:00,18,CVV7162,BACK PLATE,4651-10-0174-01,1,2026-01-17 00:00:00,,,
2026-01-16,11:00,29,IV25400,DIAMOND DRESSER,4800-51-0020(L=60),30,2026-01-17 00:00:00,,,
2026-01-16,11:00,29,IV25309,DIAMOND DRESSER,4800-51-0020(L=60),30,2026-01-17 00:00:00,,,
2026-01-16,14:00,25,CVV6525,HYDRA GRIP,4516-01-0650A(DIA.18.15),5,2026-01-20 00:00:00,"OK=4,NG=1",,
2026-01-16,14:00,25,CVV6526,HYDRA GRIP,4516-01-0671A(DIA.18.48),5,2026-01-20 00:00:00,,,
2026-01-16,14:00,25,CVV6528,HYDRA GRIP,4516-01-0716,10,2026-01-19 00:00:00,,,
2026-01-16,14:00,25,CVV7027,HYDRA GRIP,4516-01-0695,6,2026-01-19 00:00:00,"OK=3,NG=3",,
2026-01-16,14:00,25,CVV7032,HYDRA GRIP,4516-01-0686A(DIA.7.4),10,2026-01-19 00:00:00,"OK=7,NG=3",,
2026-01-16,14:00,04,CVV6550,GROOVE CHUCK,FJ-2912-311-201(556025)DIA.6.72,2,2026-01-20 00:00:00,,,
2026-01-16,14:00,29,CVV7094,REAR SHOE(B),4664-20-0003,1,2026-01-17 00:00:00,,,
2026-01-16,14:00,13,CVV7101,BASE BST-7,G132-01-0001(REV.NC),2,2026-01-17 00:00:00,,,
2026-01-16,14:00,26,CVV7216,CLAMP PLATE,4651-13-0073C,1,2026-01-17 00:00:00,,,
2026-01-16,14:00,29,CVV7381,CARRIER,4036-01-0011 (REV.NC),1,2026-01-19 00:00:00,,,
2026-01-16,14:00,29,CVV8034,REAR SHOE BASE,4664-08-0008,4,2026-01-17 00:00:00,,,
2026-01-16,14:00,29,CVV8038,WORK DRIVER BODY,4664-15-0013,5,2026-01-17 00:00:00,,,
2026-01-16,14:00,29,CVV8039,WORK DRIVER BODY,4664-15-0014,5,2026-01-17 00:00:00,,,
2026-01-16,14:00,29,CVV8041,WORK DRIVER BODY,4664-15-0017 D,3,2026-01-17 00:00:00,,,
2026-01-16,14:00,04,CVV8605,GROOVE CHUCK,FJ-2912-311-201(556025)DIA.6.72,4,2026-01-20 00:00:00,,,
2026-01-16,15:00,06,CVV8353,CHECK PIN,HT47082-29-G0061,10,2026-01-17 00:00:00,,,
2026-01-16,15:00,24,CVV8698,SHANK HOLDER(TYPE1),4649-03-0173,1,2026-01-19 00:00:00,,,
2026-01-16,15:00,34,CVV6529,DIE PIN,4571-02-1027(REV.B),4,2026-01-17 00:00:00,,,
2026-01-17,11:00,03,IV25016,BOLT DIE,F160066C,3,2026-01-20 00:00:00,,,
2026-01-17,11:00,10,IV25075,USED FLAT DIES,5/16-24UNJF(S/NO.M73466728-01),2,2026-01-20 00:00:00,,,
2026-01-17,11:00,10,IV25077,USED FLAT DIES,5/16-24UNJF(S/NO.M73371550-01),2,2026-01-20 00:00:00,,,
2026-01-17,11:00,10,IV25073,USED FLAT DIES,5/16-24UNJF(S/NO.M72377906-01),2,2026-01-20 00:00:00,,,
2026-01-17,11:00,10,IV25072,USED FLAT DIES,5/16-24UNJF(S/NO.M73299310-02),2,2026-01-20 00:00:00,,,
2026-01-17,11:00,10,IV25078,USED FLAT DIES,1/4-28UNJF(S/NO.M73670735-01),2,2026-01-20 00:00:00,,,
2026-01-17,14:30,25,CVV6483,INSERT,45T3(N331.1A-115008H-ML-RT3),64,2026-01-17 00:00:00,,,
2026-01-17,14:30,10,CVV7967,BURNISH ROLLER,FT1-900145,1,2026-01-19 00:00:00,,,
2026-01-19,13:00,37,CVV8714,SET PIN,4560-21-0213 (REV.NC),1,2026-01-19 00:00:00,,,
2026-01-19,13:00,37,CVV8776,SET PIN,4560-21-0214(REV.NC),1,2026-01-19 00:00:00,,,
2026-01-19,13:00,09,CVV7775,CARRIER (N),4556-01-0005,1,2026-01-21 00:00:00,,,
2026-01-19,13:00,37,CVV8454,LEFT GUIDE PLATE,G371-02-0044-02,1,2026-01-21 00:00:00,,,
2026-01-19,13:00,37,CVV8455,LEFT GUIDE PLATE,G371-02-0048-02,1,2026-01-21 00:00:00,,,
2026-01-19,13:00,37,CVV8456,RIGHT GUIDE PLATE,G371-02-0049-02,1,2026-01-21 00:00:00,,,
2026-01-19,13:00,37,CVV8457,RIGHT GUIDE PLATE,G371-02-0045-02,1,2026-01-21 00:00:00,,,
2026-01-19,13:00,39,CVV8471,PUNCH,97932-02-0094A,1,2026-01-19 00:00:00,,,
2026-01-19,8:00,24,CVV7980,BODY COLLET,4007-04-0002,3,2026-01-21 00:00:00,,,
2026-01-19,8:00,24,CVV7981,BODY COLLET,4007-04-0003,1,2026-01-21 00:00:00,,,
2026-01-19,8:00,24,CVV7982,BODY COLLET,4007-04-0061,1,2026-01-21 00:00:00,,,
2026-01-20,8:00,03,CVV7575,PUNCH PIN(REWORK),F400130,1,2026-01-20 00:00:00,,,
2026-01-20,8:00,03,CVV7576,PUNCH PIN(REWORK),F400132,3,2026-01-20 00:00:00,,,
2026-01-20,8:00,34,CVV6532,DIE PIN,4571-02-1013(REV.A),4,2026-01-21 00:00:00,,,
2026-01-20,8:00,03,CVV7577,PUNCH PIN(REWORK),F400138,2,2026-01-20 00:00:00,,,
2026-01-20,8:00,03,CVV7578,PUNCH PIN(REWORK),F400138,1,2026-01-20 00:00:00,,,
2026-01-20,8:00,03,CVV6547,DIE,F100945,2,2026-01-21 00:00:00,,,
2026-01-20,8:00,34,CVV8046,SWAGE DIE,4571-01-1148(REV.C),4,2026-01-21 00:00:00,,,
2026-01-20,13:00,06,CVV8899,FORMING BIT(REWORK),N-19-005,16,2026-01-22 00:00:00,,,
2026-01-20,13:00,06,CVV8900,FORMING BIT(REWORK),N-19-301,6,2026-01-22 00:00:00,,,
2026-01-20,13:00,06,CVV8901,FORMING BIT(REWORK),N-19-817,6,2026-01-22 00:00:00,,,
2026-01-20,13:00,06,CVV8902,FORMING BIT(REWORK),N-19-818,10,2026-01-22 00:00:00,,,
2026-01-20,13:00,06,CVV8903,FORMING BIT(REWORK),N-19-850,5,2026-01-22 00:00:00,,,
2026-01-20,13:00,06,CVV8904,FORMING BIT(REWORK),N-19-509,6,2026-01-22 00:00:00,,,
2026-01-20,13:00,06,CVV8905,FORMING BIT(REWORK),N-19-515,9,2026-01-22 00:00:00,,,
2026-01-20,13:00,06,CVV8906,FORMING BIT(REWORK),N-19-547,10,2026-01-22 00:00:00,,,
2026-01-20,13:00,06,CVV8907,FORMING BIT(REWORK),N-19-549,14,2026-01-22 00:00:00,,,
2026-01-20,13:00,06,CVV8908,FORMING BIT(REWORK),N-19-574,13,2026-01-22 00:00:00,,,
2026-01-20,13:00,06,CVV8909,FORMING BIT(REWORK),N-19-578,16,2026-01-22 00:00:00,,,
2026-01-20,13:00,06,CVV8910,FORMING BIT(REWORK),N-19-700,7,2026-01-22 00:00:00,,,
2026-01-20,13:00,06,CVV8911,FORMING BIT(REWORK),N-19-1022,18,2026-01-22 00:00:00,,,
2026-01-20,13:00,06,CVV8914,FRONT CHAMFER BIT(REWORK),D-19-013,12,2026-01-22 00:00:00,,,
2026-01-20,13:00,06,CVV8915,FRONT CHAMFER BIT(REWORK),D-19-021,8,2026-01-22 00:00:00,,,
2026-01-20,13:00,06,CVV8916,FORNT CHAMFER BIT(REWORK),D-19-019,7,2026-01-22 00:00:00,,,
2026-01-20,13:00,06,CVV8917,FRONT CHAMFER(REWORK),D-19-022,6,2026-01-22 00:00:00,,,
2026-01-20,13:00,06,CVV8918,BACK CHAMFER BIT(REWORK),C-19-132,7,2026-01-22 00:00:00,,,
2026-01-20,13:00,06,CVV8919,BACK CHAMFER BIT(REWORK),C-19-125,7,2026-01-22 00:00:00,,,
2026-01-20,13:00,06,CVV8920,RECESS BIT(REWORK),C-19-146,10,2026-01-22 00:00:00,,,
2026-01-20,13:00,06,CVV8921,RECESS BIT(REWORK),C-19-148(55 DEGREE),7,2026-01-22 00:00:00,,,
2026-01-20,13:00,06,CVV8912,CUT OFF BIT(REWORK),A-05-N111(REV.F),260,2026-01-22 00:00:00,,,
2026-01-20,16:00,25,CVV7993,INSERT,45T3(N331.1A-115008H-ML-RT3),109,2026-01-21 00:00:00,,,
2026-01-20,16:00,19,CVV6239,INSERT(REWORK),F-51-464 (FB15),18,2026-01-21 00:00:00,,,
2026-01-20,16:00,30,CVV4920,PLUG GAUGE,4559-18-0004 D,1,2026-01-21 00:00:00,,,
2026-01-20,16:00,29,CVV7309,EJECTOR FINGER,772.5.003-121 (REV.AW),1,2026-01-23 00:00:00,,,
2026-01-20,16:00,29,CVV7310,LOADING FINGER,772.5.004-206 (REV.BE),1,2026-01-23 00:00:00,,,
2026-01-20,16:00,29,CVV7311,INTERCEPTER,772.5.005-004 (REV.BV),1,2026-01-23 00:00:00,,,
2026-01-20,16:00,29,CVV7312,GUIDE  LOWER LEFT,772.5.006-004 (REV.BW),1,2026-01-23 00:00:00,,,
2026-01-20,16:00,29,CVV7322,CHUCK FINGERS,786.5.060-003 (REV.E),6,2026-01-23 00:00:00,,,
2026-01-20,16:00,29,CVV7303,FILLER PLATE,772.5.016-006 (REV.Z),1,2026-01-22 00:00:00,,,
2026-01-20,16:00,29,CVV7306,GUIDE  LOWER RIGHT,772.5.000-004 (REV.BV),1,2026-01-23 00:00:00,,,
2026-01-20,16:00,29,CVV7308,GUIDE  UPPER LEFT,772.5.002-004 (REV.BS),1,2026-01-23 00:00:00,,,
2026-01-20,16:00,29,CVV7293,GUIDE  LOWER RIGHT,772.5.000-144 (REV.BV),1,2026-01-23 00:00:00,,,
2026-01-20,16:00,29,CVV7295,GUIDE  UPPER LEFTé,772.5.002-144 (REV.BS),1,2026-01-23 00:00:00,,,
2026-01-20,16:00,29,CVV7296,EJECTOR FINGER,772.5.003-077 (REV.AW),1,2026-01-23 00:00:00,,,
2026-01-20,16:00,29,CVV7297,LOADING FINGER,772.5.004-034 (REV.BE),1,2026-01-23 00:00:00,,,
2026-01-20,16:00,29,CVV7299,GUIDE  LOWER LEFTé,772.5.006-144 (REV.BW),1,2026-01-23 00:00:00,,,
2026-01-20,17:00,09,CVV7781,CHUTE COVER,4866-14-0010,1,2026-01-21 00:00:00,,,
2026-01-20,17:00,13,CVV6899,FEELER(43),G132-01-0026(REV.NC)(2PCS/SET),3,2026-01-21 00:00:00,,,
2026-01-20,17:00,34,CVV6156,SWIVEL ADJUST PLATE1,9730-02-0001-08(REV.A),1,2026-01-21 00:00:00,REJECT LIST,,
2026-01-22,10:00,06,CVV9113,FORMING BIT(REWORK),N-19-824,6,2026-01-23 00:00:00,,,
2026-01-22,10:00,06,CVV9114,FORMING BIT(REWORK),N-19-515,5,2026-01-23 00:00:00,,,
2026-01-22,10:00,06,CVV9115,FORMING BIT(REWORK),N-19-549,16,2026-01-23 00:00:00,,,
2026-01-22,10:00,06,CVV9116,FORMING BIT(REWORK),N-19-574,9,2026-01-23 00:00:00,,,
2026-01-22,10:00,06,CVV9117,FORMING BIT(REWORK),N-19-578,5,2026-01-23 00:00:00,,,
2026-01-22,10:00,06,CVV9118,FORMING BIT(REWORK),N-19-502,6,2026-01-23 00:00:00,,,
2026-01-22,10:00,06,CVV9119,CUT OFF BIT(REWORK),A-05-N111(REV.F),100,2026-01-23 00:00:00,,,
2026-01-22,10:00,06,CVV9120,RECESS BIT(REWORK),C-19-147,12,2026-01-23 00:00:00,,,
2026-01-22,10:00,06,CVV9121,BACK CHAMFER BIT(REWORK),C-19-144,5,2026-01-23 00:00:00,,,
2026-01-22,13:00,30,CVV7106,GRINDING WHEEL,4559-39-3029 DIA.3*7.5*2.9 (6),10,2026-01-23 00:00:00,,,
2026-01-22,13:00,30,CVV7107,GRINDING WHEEL,4559-39-3032,10,2026-01-23 00:00:00,,,
2026-01-23,8:00,29,CVV8042,WORK DRIVER BODY,4664-15-0018,5,2026-01-23 00:00:00,,,
2026-01-23,8:00,08,CVV8433,BACKING PLATE,4853-01-0029,1,2026-01-26 00:00:00,REJECT LIST,,
2026-01-23,8:00,08,CVV8435,GAUGE,4853-07-0028,1,2026-01-23 00:00:00,,,
2026-01-23,8:00,25,CVV6525,HYDRA GRIP,4516-01-0650A(DIA.18.15),1,2026-01-26 00:00:00,,,
2026-01-23,8:00,25,CVV7032,HYDRA GRIP,4516-01-0686A(DIA.7.4),2,2026-01-26 00:00:00,,,
2026-01-23,8:00,25,CVV6527,HYDRA GRIP,4516-01-0685A(DIA.21.19),5,2026-01-23 00:00:00,"OK=4,NG=1",,
2026-01-23,8:00,34,CVV8531,SHIM,4571-05-1041(0.05),10,2026-01-26 00:00:00,,,
2026-01-23,12:00,34,CVV7810,BALL INSERT JAW,4886-01-0001,10,2026-01-26 00:00:00,,,
2026-01-23,12:00,35,CVV7820,ARBOR,4857-01-0034(REV.H),4,2026-01-27 00:00:00,REJECT LIST,,
2026-01-23,12:00,04,CVV8608, ,FJ-4084-312-201(555122)DIA.7.92,2,2026-01-28 00:00:00,,,
2026-01-23,12:00,04,CVV8609,JAW FOR XL150 CHUCK,FJ-4084-312-201(555303)DIA.8.84,2,2026-01-28 00:00:00,,,
2026-01-23,12:00,04,CVV8610,JAW FOR XL150 CHUCK,FJ-4084-312-201(555119)DIA.4.41,1,2026-01-26 00:00:00,,,
2026-01-23,12:00,04,CVV8611,JAW FOR XL150 CHUCK,FJ-4084-312-201(555155)DIA.11.27,2,2026-01-28 00:00:00,,,
2026-01-23,12:00,04,CVV8612,JAW FOR XL150 CHUCK,FJ-4084-312-201(555156)DIA.12.92,2,2026-01-28 00:00:00,,,
2026-01-23,12:00,04,CVV8613,JAW FOR XL150 CHUCK,FJ-4084-312-201(555157)DIA.13.44,2,2026-01-26 00:00:00,,,
2026-01-23,12:00,37,CVV5925,BLADE,4019-02-0002,1,2026-01-26 00:00:00,,,
2026-01-23,16:00,01,CVV4217,PIN,4037-10-0004-03,4,2026-01-27 00:00:00,,,
2026-01-23,16:00,31,CVV5939,COLLET(A),4691-03-0002A,1,2026-01-28 00:00:00,,,
2026-01-23,16:00,31,CVV5940,COLLET(A),4691-03-0014C,1,2026-01-28 00:00:00,,,
2026-01-23,16:00,29,CVV7294,UPPER GUIDE & STOPé,772.5.001-144 (REV.CB),1,2026-01-28 00:00:00,,,
2026-01-23,16:00,29,CVV7298,INTERCEPTOR,772.5.005-144 (REV.BV),1,2026-01-28 00:00:00,,,
2026-01-23,16:00,29,CVV7300,GUIDE PLATE  LOWER,772.5.007-005 (REV.AF),1,2026-01-28 00:00:00,,,
2026-01-23,16:00,29,CVV7301,GUIDE PLATE  UPPER,772.5.008-005 (REV.AE),1,2026-01-28 00:00:00,,,
2026-01-23,16:00,29,CVV7307,UPPER GUIDE & STOP,772.5.001-004 (REV.CB),1,2026-01-27 00:00:00,,,
2026-01-23,16:00,29,CVV7313,GUIDE PLATE  LOWER,772.5.007-003 (REV.AF),1,2026-01-27 00:00:00,,,
2026-01-23,16:00,29,CVV7314,GUIDE PLATE  UPPER,772.5.008-003 (REV.AE),1,2026-01-26 00:00:00,,,
2026-01-23,16:00,04,CVV8715,PLATE(T=10),G041-01-0014-01,10,2026-01-27 00:00:00,,,
2026-01-23,16:00,34,CVV8525,GUIDE PIN,4571-03-1003(REV.D),10,2026-01-27 00:00:00,,,
2026-01-23,16:00,13,CVV6896,FEELER,G132-03-001(REV.NC)(2PCS/SET),5,2026-01-26 00:00:00,,,
2026-01-23,11:00,35,CVV7821,PIN,4857-02-0031(REV.I),1,2026-01-26 00:00:00,,,
2026-01-23,11:00,30,CVV5998,WORK PUSHER(1),4870-22-0014 (REV.NC),1,2026-01-27 00:00:00,,,
2026-01-26,16:00,34,CVV8529,GUIDE PIN,4571-03-2010(REV.C),10,2026-01-27 00:00:00,"OK=9,NG=1",,
2026-01-26,16:00,34,CVV8530,GUIDE PIN,4571-03-2004(REV.B),10,2026-01-27 00:00:00,,,
2026-01-26,16:00,24,CVV8698,SHANK HOLDER(TYPE1),4649-03-0173,1,2026-01-28 00:00:00,REJECT LIST,,
2026-01-26,16:00,27,CVV8002,ROLL DIES(REWORK),5/16-24UNJF(AR200056B)R.H,1,2026-01-28 00:00:00,,INSP 2 เกลียว,
2026-01-26,16:00,27,CVV8003,ROLL DIES(REWORK),5/16-24UNJF(AR200056B)R.H,1,2026-01-28 00:00:00,,INSP 2 เกลียว,
2026-01-26,16:00,27,CVV8004,ROLL DIES(REWORK),5/16-24UNJF(AR200061B)L.H,1,2026-01-28 00:00:00,,INSP 2 เกลียว,
2026-01-26,16:00,27,CVV8603,ROLL DIES (REWORK),3/4-16UNJF(AR210035)R.H(L=80),1,2026-01-28 00:00:00,,INSP 2 เกลียว,
2026-01-26,16:00,27,CVV8005,ROLL DIES(REWORK),5/16-24UNJF(AR200061B)L.H,1,2026-01-28 00:00:00,,INSP 2 เกลียว,
2026-01-26,16:00,04,CVV8713,PLATE(T=15),G041-01-0013-01,10,2026-01-27 00:00:00,,,
2026-01-27,14:00,06,CVV9603,FORMING BIT(REWORK),N-19-005,18,2026-01-28 00:00:00,,,
2026-01-27,14:00,06,CVV9604,FORMING BIT(REWORK),N-19-817,8,2026-01-28 00:00:00,,,
2026-01-27,14:00,06,CVV9605,FORMING BIT(REWORK),N-19-513,6,2026-01-28 00:00:00,,,
2026-01-27,14:00,06,CVV9606,FORMING BIT(REWORK),N-19-515,5,2026-01-28 00:00:00,,,
2026-01-27,14:00,06,CVV9608,FORMING BIT(REWORK),N-19-521,5,2026-01-28 00:00:00,,,
2026-01-27,14:00,06,CVV9609,FORMING BIT(REWORK),N-19-621,7,2026-01-28 00:00:00,,,
2026-01-27,14:00,06,CVV9610,FORMING BIT(REWORK),N-19-548,5,2026-01-28 00:00:00,,,
2026-01-27,14:00,06,CVV9611,FORMING BIT(REWORK),N-19-549,12,2026-01-28 00:00:00,,,
2026-01-27,14:00,06,CVV9612,FORMING BIT(REWORK),N-19-551,5,2026-01-28 00:00:00,,,
2026-01-27,14:00,06,CVV9613,FORMING BIT(REWORK),N-19-574,9,2026-01-28 00:00:00,,,
2026-01-27,14:00,06,CVV9614,FORMING BIT(REWORK),N-19-643,8,2026-01-28 00:00:00,,,
2026-01-27,14:00,06,CVV9616,CUT OFF BIT(REWORK),A-05-N111(REV.F),110,2026-01-28 00:00:00,,,
2026-01-27,14:00,06,CVV9617,FRONT CHAMFER BIT(REWORK),D-19-013,6,2026-01-28 00:00:00,,,
2026-01-27,14:00,06,CVV9618,BACK CHAMFER BIT(REWORK),C-19-125,6,2026-01-28 00:00:00,,,
2026-01-27,14:00,06,CVV9619,BACK CHAMFER BIT(REWORK),C-19-144,8,2026-01-28 00:00:00,,,
2026-01-27,14:00,06,CVV9620,RECESS BIT(REWORK),C-19-146,8,2026-01-28 00:00:00,,,
2026-01-27,15:00,29,CVV7095,REAR SHOE(A),4664-29-0002,1,2026-01-28 00:00:00,,,
2026-01-30,10:00,10,IV25074,USED FLAT DIES,10-32UNJF(S/NO.M134),1,2026-01-31 00:00:00,,,
2026-01-30,10:00,10,IV25076,USED FLAT DIES,10-32UNJF(S/NO. M72116856-01),1,2026-01-31 00:00:00,,,
2026-01-30,13:00,25,CVV9024,INSERT,45T3(N331.1A-115008H-ML-RT3),115,2026-01-31 00:00:00,,,
2026-01-30,14:00,01,CVV6248,BASE PLATE,4032-02-0007-01,1,2026-01-31 00:00:00,,ส่งงานก่อน D/O ตามหลัง,
2026-01-31,11:00,30,CVV7589,ROLLER SHOE ASSY(REWORK),4559-05-1019-99,1,2026-01-31 00:00:00,REJECT LIST,ส่งงานก่อน D/O ตามหลัง,
2026-01-31,11:00,13,CVV8536,ASSY BALL CARBIDE FOR OUTER TRAC,022.133.146,3,2026-01-31 00:00:00,,ส่งงานก่อน D/O ตามหลัง,
2026-01-31,14:00,30,CVV8446,PRESSURE ROTOR,4559-17-1007,2,2026-01-31 00:00:00,,,
2026-02-02,13:30,01,CVV8617,BASE,4006-01-0043-01,1,2026-02-03 00:00:00,,,
2026-02-02,13:30,01,CVV7639,BASE,4001-01-0135-02,1,2026-02-03 00:00:00,ACCEPT BY IMAI SAN,,
2026-02-03,8:00,40,CVV9001,STYLUS(REWORK),FJ-4865-504-201,1,2026-02-03 00:00:00,,ส่งงานก่อน DO ตามหลัง,
2026-02-03,8:00,40,CVV9000,STYLUS(REWORK),FJ-4865-504-202,2,2026-02-03 00:00:00,,ส่งงานก่อน DO ตามหลัง,
2026-02-03,8:00,39,CVV8472,PUNCH,9732-02-0068,1,2026-02-04 00:00:00,,ส่งงานก่อน DO ตามหลัง,
2026-02-03,8:00,34,CVV8059,DIE PIN,4571-02-1236(REV.B),3,2026-02-03 00:00:00,,ส่งงานก่อน DO ตามหลัง,
2026-02-03,8:00,39,CVV8470,PUNCH,9732-02-0116,1,2026-02-04 00:00:00,,ส่งงานก่อน DO ตามหลัง,
2026-02-03,8:00,19,CVV3937,BONDING ARBOR,BA2011 (REV.E),6,2026-02-04 00:00:00,,ส่งงานก่อน DO ตามหลัง,
2026-02-03,8:00,36,CVV4448,LOWER ROLLER,7606-01-0152A,1,2026-02-04 00:00:00,REJECT LIST,ส่งงานก่อน DO ตามหลัง,
2026-02-03,8:00,34,CVV8058,DIE PIN,4571-02-1281(REV.A),3,2026-02-03 00:00:00,,ส่งงานก่อน DO ตามหลัง,
2026-02-03,10:00,30,CVV8999,DISK ROLLER REWORK,4559-03-9999,10,2026-02-04 00:00:00,,ส่งงานก่อน DO ตามหลัง,
2026-02-03,12:30,19,CVV2714,BONDING ARBOR,BA2018 (REV.A),19,2026-02-04 00:00:00,,ส่งงานก่อน DO ตามหลัง,
2026-02-03,12:30,19,CVV3938,BONDING ARBOR,BA2023,8,2026-02-04 00:00:00,,ส่งงานก่อน DO ตามหลัง,
2026-02-03,12:30,30,CVV7588,ROLLER SHOE ASSY (REWORK),4559-05-1017-99,1,2026-02-04 00:00:00,REJECT LIST,ส่งงานก่อน DO ตามหลัง,
2026-02-03,12:30,30,CVV7587,ROLLER SHOE ASSY (REWORK),4559-05-1016-99,1,2026-02-04 00:00:00,,ส่งงานก่อน DO ตามหลัง,
2026-02-03,12:30,34,CVV6530,DIE PIN,4571-02-1058(REV.C),4,2026-02-04 00:00:00,,ส่งงานก่อน DO ตามหลัง,
2026-02-03,12:30,13,CVV8538,ASSY BALL CARBIDE FOR OUTER TRAC,022.133.192,3,2026-02-05 00:00:00,"OK=1,NG=2 SET",ส่งงานก่อน DO ตามหลัง,
2026-02-03,17:30,20,CVV8840,NOZZLE HOLDER,G201-01-0004-01,1,2026-02-06 00:00:00,,,
2026-02-03,17:30,34,CVV8526,GUIDE PIN,4571-03-1010(REV.B),10,2026-02-05 00:00:00,"OK=8,NG=2",,
2026-02-03,17:30,29,CVV8033,FRONT SHOE BASE,4664-08-0007,7,2026-02-05 00:00:00,,,
2026-02-03,17:30,39,CVV8644,SPH INSERT JIG,4577-04-0075(REV.NC),1,2026-02-05 00:00:00,,,
2026-02-03,17:30,37,CVV8453,LEVEING BOLT,4521-05-0001-04A,3,2026-02-05 00:00:00,,,
2026-02-03,17:30,34,CVV8523,GUIDE PIN,4571-03-1008(REV.B),10,2026-02-05 00:00:00,,,
2026-02-03,17:30,39,CVV8645,PUNCH,9732-02-0118(REV.NC),2,2026-02-05 00:00:00,REJECT LIST,,
2026-02-03,17:30,01,CVV6262,CENTER PIN,4863-02-0078A,6,2026-02-04 00:00:00,,,
2026-02-03,17:30,37,CVV8452,BASE(2),4521-10-0007-02,1,2026-02-06 00:00:00,,,
2026-02-03,17:30,34,CVV8524,GUIDE PIN,4571-03-1028(REV.C),10,2026-02-05 00:00:00,"OK=9,NG=1",,
2026-02-03,17:30,34,CVV8527,GUIDE PIN,4571-03-1144(REV.B),10,2026-02-05 00:00:00,,,
2026-02-03,17:30,20,CVV8841,STAND,G201-01-0004-02,1,2026-02-04 00:00:00,,,
2026-02-03,17:30,13,CVV9636,FEELER,G132-03-0110(REV.NC)(2PCS/SET),10,2026-02-04 00:00:00,"OK=9,NG=1",,
2026-02-03,17:30,13,CVV9977,FEELER,G132-03-0001(REV.NC)(2PCS/SET),10,2026-02-04 00:00:00,,,
2026-02-03,17:30,13,CVV4985,FEELER,4999-01-0629(L=15),3,2026-02-04 00:00:00,,,
2026-02-03,17:30,13,CVV6900,FEELER,G132-03-0110(REV.NC)(2PCS/SET),3,2026-02-04 00:00:00,,,
2026-02-04,13:30,06,CVV7959,BORING BIT(REWORK),M-69-103,5,2026-02-05 00:00:00,,,
2026-02-04,13:30,06,CVV3829,BACK CHAMFER BIT,C-19-127,9,2026-02-05 00:00:00,,,
2026-02-04,13:30,06,CVW0027,FORMING BIT(REWORK),N-19-005,11,2026-02-05 00:00:00,,,
2026-02-04,13:30,06,CVW0028,FORMING BIT(REWORK),N-19-850,5,2026-02-05 00:00:00,,,
2026-02-04,13:30,06,CVW0029,FORMING BIT(REWORK),N-19-526,9,2026-02-05 00:00:00,,,
2026-02-04,13:30,06,CVW0030,FORMING BIT(REWORK),N-19-574,6,2026-02-05 00:00:00,,,
2026-02-04,13:30,06,CVW0031,FORMING BIT(REWORK),N-19-612,5,2026-02-05 00:00:00,,,
2026-02-04,13:30,06,CVW0032,FORMING BIT(REWORK),N-19-1065,10,2026-02-05 00:00:00,,,
2026-02-04,13:30,06,CVW0033,FORMING BIT(REWORK),N-19-502,9,2026-02-05 00:00:00,,,
2026-02-04,13:30,06,CVW0034,FORMING BIT(REWORK),N-19-1022,10,2026-02-05 00:00:00,,,
2026-02-04,13:30,06,CVW0035,CUT OFF BIT(REWORK),A-05-N111(REV.F),140,2026-02-05 00:00:00,,,
2026-02-04,13:30,06,CVW0036,BACK CHAMFER BIT(REWORK),C-19-132,13,2026-02-05 00:00:00,,,
2026-02-04,13:30,06,CVW0037,RECESS BIT(REWORK),C-19-146,9,2026-02-05 00:00:00,,,
2026-02-04,13:30,06,CVW0038,RECESS BIT(REWORK),C-19-147,6,2026-02-05 00:00:00,,,
2026-02-04,15:00,24,CVV9122,BODY COLLET,4007-04-0125,1,2026-02-09 00:00:00,,,
2026-02-04,16:00,01,CVV6242,BASE PLATE,4032-02-0003-01,1,2026-02-09 00:00:00,,,
2026-02-04,16:00,34,CVV8054,DIE PIN,4571-02-1259(REV.B),3,2026-02-09 00:00:00,,,
2026-02-05,10:00,19,CVV3770,INSERT,F-51-464 (FB15),10,2026-02-05 00:00:00,,,
2026-02-05,12:00,25,CVV6527,HYDRA GRIP,4516-01-0685A(DIA.21.19),1,2026-02-09 00:00:00,,,
2026-02-05,12:00,40,CVV7150,RING,4639-04-0156(REV.A),6,2026-02-09 00:00:00,,,
2026-02-05,12:00,21,CVV8070,CHUCK JAW,4894-01-0108,2,2026-02-09 00:00:00,,,
2026-02-05,12:00,04,CVV9072,GROOVE CHUCK,FJ-2912-311-201(555556)DIA.6.34,2,2026-02-09 00:00:00,,,
2026-02-05,12:00,04,CVV9073,GROOVE CHUCK,FJ-2912-311-201(556025)DIA.6.72,2,2026-02-09 00:00:00,,,
2026-02-05,12:00,21,CVV9303,CHUCK JAW,4894-01-0108,2,2026-02-09 00:00:00,,,
2026-02-05,12:00,26,CVV9858,CLAMP PLATE,4651-13-0146,1,2026-02-09 00:00:00,,,
2026-02-05,13:30,19,CVV6240,INSERT,F-51-464 (FB15),10,2026-01-05 00:00:00,,,
2026-02-05,13:30,19,CVV7795,INSERT(REWORK),F-51-464 (FB15),19,2026-01-05 00:00:00,,,
2026-02-05,13:30,19,CVV2173,INSERT,F-51-464 (FB15),20,2026-01-05 00:00:00,,,
2026-02-05,16:30,29,CVV8035,GUIDE PLATE(WIDTH93),4664-09-0002,5,2026-02-09 00:00:00,,,
2026-02-06,9:30,06,CVV5219,BACK CHAMFER BIT,C-19-127,9,2026-02-09 00:00:00,,,
2026-02-06,9:30,06,CVV3834,RECESS BIT,C-19-149,10,2026-02-09 00:00:00,,,
2026-02-06,9:30,06,CVV5221,RECESS BIT,C-19-149,10,2026-02-09 00:00:00,,,
2026-02-06,9:30,06,CVV3832,RECESS BIT,C-19-146,9,2026-02-09 00:00:00,,,
2026-02-06,12:00,37,CVV8459,LEFT GUIDE PLATE,G371-02-0046-02,1,2026-02-09 00:00:00,,,
2026-02-06,12:00,37,CVV8460,RIGHT GUIDE PLATE,G371-02-0047-02,1,2026-02-09 00:00:00,,,
2026-02-06,12:00,37,CVV5700,BLADE,4521-01-0004,1,2026-02-10 00:00:00,,,
2026-02-06,12:00,37,CVV8458,BLADE,G371-02-0043(REV.NC),1,2026-02-10 00:00:00,,,
2026-02-06,16:00,34,CVV8048,SWAGE DIE,4571-01-1144(REV.D),4,2026-02-11 00:00:00,,,
2026-02-06,16:00,34,CVV8049,SWAGE DIE,4571-01-1149(REV.D),4,2026-02-11 00:00:00,,,
2026-02-06,16:00,29,CVV1098,BLADE,4521-01-0001,1,2026-02-10 00:00:00,,,
2026-02-06,16:00,13,CVV8539,ASSY BALL CARBIDE FOR OUTER TRAC,022.133.039,3,2026-02-10 00:00:00,"OK=2,NG=1 SET",,
2026-02-06,16:00,30,CVV7590,ROLLER SHOE ASSY(REWORK),4559-05-1117-99,1,2026-02-10 00:00:00,,,
2026-02-06,16:00,13,CVV8537,ASSY BALL CARBIDE FOR OUTER TRAC,022.133.040,3,2026-02-10 00:00:00,,,
2026-02-06,16:00,13,CVV8534,ASSY BALL CARBIDE FOR OUTER TRAC,022.133.276,3,2026-02-10 00:00:00,,,
2026-02-06,16:00,13,CVV8535,ASSY BALL CARBIDE FOR OUTER TRAC,022.133.232,2,2026-02-10 00:00:00,,,
2026-02-09,10:00,10,CVV8068,ROLL DIES (REWORK),3/8-24UNJF(142.0*60),1,2026-02-11 00:00:00,,,
2026-02-09,10:00,10,CVV6704,ROLL DIE,3/8-24UNJF(142.0*40 RR-S GM),1,2026-02-11 00:00:00,,,
2026-02-09,10:00,01,CVV8616,RAISING PLATE,4467-817-201,2,2026-02-11 00:00:00,,,
2026-02-09,10:00,13,CVV9999,ANVIL O/R UP ( REWORK ),44052-18-1800B,1,2026-02-11 00:00:00,,,
2026-02-09,10:00,13,CVW0001,ANVIL O/R LOW ( REWORK ),44052-18-1801B,1,2026-02-11 00:00:00,,,
2026-02-09,10:00,13,CVW0002,ANVIL O/R UP ( REWORK ),44052-18-1850A,1,2026-02-11 00:00:00,,,
2026-02-09,10:00,13,CVW0003,ANVIL O/R LOW ( REWORK ),44052-18-1851A,1,2026-02-11 00:00:00,REJECTED ACCEPT BY K.PATCHARAPORN,,
2026-02-09,10:00,13,CVW0004,ANVIL O/R UP ( REWORK ),44052-18-1850A,1,2026-02-11 00:00:00,REJECTED ACCEPT BY K.PATCHARAPORN,,
2026-02-09,10:00,13,CVW0005,ANVIL O/R LOW ( REWORK ),44052-18-1851A,1,2026-02-11 00:00:00,REJECTED ACCEPT BY K.PATCHARAPORN,,
2026-02-09,10:00,13,CVW0006,ANVIL O/R UP  ( REWORK ),44052-18-1800B,1,2026-02-11 00:00:00,,,
2026-02-09,10:00,13,CVW0007,ANVIL O/R LOW ( REWORK ),44052-18-1801B,1,2026-02-11 00:00:00,,,
2026-02-09,10:00,30,CVV8760,SLIDER(1),4870-20-0020 (REV.NC),1,2026-02-11 00:00:00,,,
2026-02-09,10:00,30,CVV8761,SLIDER(1),4870-20-0021 (REV.NC),1,2026-02-11 00:00:00,,,
2026-02-09,10:00,35,CVV7820,ARBOR,4857-01-0034(REV.H),4,2026-02-10 00:00:00,REJECTED,,
2026-02-09,16:00,01,CVV7687,BASE,FJ-4456-816-201,1,2026-02-13 00:00:00,,,
2026-02-09,16:00,01,CVV7688,BASE,FJ-4449-816-201,1,2026-02-13 00:00:00,,,
2026-02-09,16:00,01,CVV7703,BASE,FJ-5470-820-201,1,2026-02-12 00:00:00,,,
2026-02-09,16:00,01,CVV9188,FRAME,4863-03-0003-04,2,2026-02-12 00:00:00,,,
2026-02-09,16:00,03,CVV9318,PUNCH PIN(REWORK),F400132,1,2026-02-10 00:00:00,,,
2026-02-09,16:00,03,CVV9320,PUNCH PIN(REWORK),F400138,1,2026-02-10 00:00:00,,,
2026-02-09,16:00,19,CVV8863,BONDING ARBOR,BA2009(REV.B),20,2026-02-10 00:00:00,,,
2026-02-09,16:00,19,CVV8865,BONDING ARBOR,BA2009(REV.B),20,2026-02-10 00:00:00,,,
2026-02-09,16:00,35,CVV8853,SENSOR HOLDER,G351-02-0008-02(REV.NC),4,2026-02-11 00:00:00,,,
2026-02-09,16:00,35,CVV8852,STOPPER,G351-02-0008-01(REV.NC),2,2026-02-11 00:00:00,,,
2026-02-10,12:30,18,CVV5729,CHUCK BODY,4662-03-0001B,1,2026-02-13 00:00:00,REJECT,,
2026-02-10,13:00,34,CVV8050,SWAGE DIE,4571-01-1133(REV.D),4,2026-02-13 00:00:00,,,
2026-02-10,13:00,34,CVV8515,SWAGE DIE,4571-01-1030,2,2026-02-13 00:00:00,,,
2026-02-11,8:00,08,CVV8436,COLLET,4852-13-0014(ROD3544W1-TJ/KN-113A,1,2026-02-11 00:00:00,,,
2026-02-11,8:00,03,CVV9317,PUNCH PIN(REWORK),F400130,1,2026-02-13 00:00:00,,,
2026-02-11,8:00,19,CVV8864,BONDING ARBOR,BA2009(REV.B),19,2026-02-13 00:00:00,,,
2026-02-11,8:00,14,CVV8913,STATIONARY JIG (REWORK),G142-02-0007 (REV.A),1,2026-02-13 00:00:00,,,
2026-02-11,8:00,34,CVV9579,DIE PIN,4571-02-1712(REV.NC),4,2026-02-13 00:00:00,,,
2026-02-11,8:00,35,CVV7223,LOADER CHUCK(DIA12-DIA30),4857-06-0003(REV.G),4,2026-02-13 00:00:00,,,
2026-02-11,8:00,24,CVV8698,SHANK HOLDER(TYPE1),4649-03-0173,1,2026-02-16 00:00:00,,,
2026-02-11,8:00,29,CVV7304,INSERT  DRIVER NOSE PIECE,772.5.024-029 (REV.BD),1,2026-02-12 00:00:00,,,
2026-02-11,8:00,29,CVV7315,FILLER PLATE,772.5.016-015 (REV.Z),1,2026-02-12 00:00:00,,,
2026-02-11,8:00,29,CVV7316,INSERT  DRIVER NOSE PIECE,772.5.024-053 (REV.BD),1,2026-02-12 00:00:00,,,
2026-02-11,8:00,29,CVV7319,SHOE  HORIZONTAL,757.5.015-008 (REV.R),1,2026-02-12 00:00:00,,,
2026-02-11,8:00,29,CVV7320,INSERT  DRIVER NOSE PIECE,772.5.024-053 (REV.BD),1,2026-02-12 00:00:00,,,
2026-02-11,8:00,06,CVV8352,TOGGLE(BM-16),G221-01-0008,2,2026-02-12 00:00:00,,,
2026-02-11,9:30,25,CVV9023,INSERT,45T1(N331.1A-115008H-ML-RT1),50,2026-02-11 00:00:00,,,
2026-02-11,9:00,25,CVV9024,INSERT,45T3(N331.1A-115008H-ML-RT3),108,2026-02-11 00:00:00,,,
2026-02-11,10:30,30,IV25310,GRINDING WHEEL,B140N150VS1K3 15D-20T-3X-6H,2,2026-02-13 00:00:00,,,
2026-02-11,10:30,30,IV25311,GRINDING WHEEL,B140N150VS1K3 17D-15T-3X-6H,2,2026-02-13 00:00:00,,,
2026-02-09,16:00,03,CVV9319,PUNCH PIN(REWORK),F400138,1,2026-02-11 00:00:00,,,
2026-02-12,10:00,30,CVV9084,GRINDING WHEEL(REWORK),4559-39-3012,4,2026-02-13 00:00:00,,,
2026-02-12,10:00,30,CVV9085, ,4559-39-3015,4,2026-02-13 00:00:00,,,
2026-02-12,10:00,30,CVV9091,GRINDING WHEEL(REWORK),4559-39-4009,3,2026-02-13 00:00:00,,,
2026-02-12,10:00,30,CVV9081,GRINDING WHEEL(REWORK),4559-39-3003,4,2026-02-13 00:00:00,,,
2026-02-12,10:00,30,CVV9082,GRINDING WHEEL(REWORK),4559-39-3006,4,2026-02-13 00:00:00,,,
2026-02-12,10:00,30,CVV9083,GRINDING WHEEL(REWORK),4559-39-3009,4,2026-02-13 00:00:00,,,
2026-02-12,10:00,30,CVV9090,GRINDING WHEEL(REWORK),4559-39-4006,5,2026-02-13 00:00:00,,,
2026-02-12,10:00,30,CVV9086,GRINDING WHEEL (REWORK),4559-39-3020,3,2026-02-13 00:00:00,,,
2026-02-12,10:00,30,CVV9087,GRINDING WHEEL(REWORK),4559-39-3032,3,2026-02-13 00:00:00,,,
2026-02-12,10:00,30,CVV9088,GRINDING WHEEL(REWORK),4559-39-4003,6,2026-02-13 00:00:00,,,
2026-02-12,10:00,30,CVV9089,GRINDING WHEEL(REWORK),4559-39-4005,4,2026-02-13 00:00:00,,,
2026-02-12,13:00,06,CVW0137,FORMING BIT(REWORK),N-19-005,6,2026-02-13 00:00:00,,,
2026-02-12,13:00,06,CVW0138,FORMING BIT(REWORK),N-19-826,6,2026-02-13 00:00:00,,,
2026-02-12,13:00,06,CVW0139,FORMING BIT(REWORK),N-19-827,5,2026-02-13 00:00:00,,,
2026-02-12,13:00,06,CVW0140,FORMING BIT(REWORK),N-19-1008,5,2026-02-13 00:00:00,,,
2026-02-12,13:00,06,CVW0141,FORMING BIT(REWORK),N-19-1057,7,2026-02-13 00:00:00,,,
2026-02-12,13:00,06,CVW0142,FORMING BIT(REWORK),N-19-547,5,2026-02-13 00:00:00,,,
2026-02-12,13:00,06,CVW0143,FORMING BIT(REWORK),N-19-551,6,2026-02-13 00:00:00,,,
2026-02-12,13:00,06,CVW0144,FORMING BIT(REWORK),N-19-578,9,2026-02-13 00:00:00,,,
2026-02-12,13:00,06,CVW0145,FORMING BIT(REWORK),N-19-1022,18,2026-02-13 00:00:00,,,
2026-02-12,13:00,06,CVW0146,CUT OFF BIT(REWORK),A-05-N111(REV.F),110,2026-02-14 00:00:00,,,
2026-02-12,13:00,06,CVW0147,BACK CHAMFER BIT(REWORK),C-19-127,5,2026-02-14 00:00:00,,,
2026-02-12,13:00,06,CVW0148,RECESS BIT(REWORK),C-19-147,5,2026-02-14 00:00:00,,,
2026-02-12,13:00,06,CVW0149,FRONT CHAMFER BIT(REWORK),D-19-021,5,2026-02-14 00:00:00,,,
2026-02-12,13:00,06,CVW0150,FRONT CHAMFER(REWORK),D-19-022,9,2026-02-14 00:00:00,,,
2026-02-12,16:30,29,CVV9167,FRONT SHOE BASE,4664-08-0007,7,2026-02-16 00:00:00,,,
2026-02-12,16:30,13,CVV8490,GROOVE RECIPRO,INNER 204 (3 PCS/SET),3,2026-02-16 00:00:00,,NO INSP,
2026-02-12,16:30,34,CVV8522,SWAGE DIE PIN,4571-02-1098D,4,2026-02-16 00:00:00,,,
2026-02-12,16:30,34,CVV8057,DIE PIN,4571-02-1280(REV.B),3,2026-02-16 00:00:00,,,
2026-02-12,16:30,34,CVV8062,SWAGE DIE PIN,4571-02-1532(REV.B),3,2026-02-16 00:00:00,,,
2026-02-12,16:30,34,CVV8519,DIE PIN,4571-02-1578(REV.B),4,2026-02-16 00:00:00,REJECT,,
2026-02-12,16:30,01,CVV8623,BASE(OP2),5487-003-202,1,2026-02-16 00:00:00,,,
2026-02-10,15:00,37,CVV7631,SHOE,772.5.009-238 (REV.BC),2,2026-02-13 00:00:00,"OK=1,NG=1",,
2026-02-13,13:00,10,IV25347,USED FLAT DIES,1/4-28UNJF S/NO.M73348061-01,2,2026-02-17 00:00:00,,,
2026-02-13,13:00,10,IV25378,USED FLAT DIES,1/4-28UNJF S/NO.M73419382-03,2,2026-02-17 00:00:00,,,
2026-02-13,13:00,10,IV25348,USED FLAT DIES,5/16-24UNJF S/NO.M73629436-01,2,2026-02-17 00:00:00,,,
2026-02-13,13:00,10,IV25350,USED FLAT DIES,1/4-28UNJF S/NO.M73615653-01,2,2026-02-17 00:00:00,,,
2026-02-13,13:00,10,IV25353,USED FLAT DIES,1/4-28UNJF S/NO.M73419382-01,2,2026-02-17 00:00:00,,,
2026-02-16,7:00,34,CVV8055,DIE PIN,4571-02-1268(REV.B),3,2026-02-17 00:00:00,,,
2026-02-16,7:00,34,CVV8056,DIE PIN,4571-02-1065(REV.C),3,2026-02-17 00:00:00,ACCEPTT BY MIYASHITA SAN,,
2026-02-16,7:00,34,CVV8061,DIE PIN,4571-02-1269(REV.A),3,2026-02-17 00:00:00,,,
2026-02-16,7:00,34,CVV8518,DIE PIN,4571-02-1279B,4,2026-02-16 00:00:00,,,
2026-02-16,7:00,34,CVV8521,SWAGE DIE PIN,4571-02-1093(REV.C),4,2026-02-16 00:00:00,,,
2026-02-16,12:30,39,CVV9558,PUNCH,9732-02-0049(REV.A),1,2026-02-17 00:00:00,,,
2026-02-16,12:30,35,CVV7820,ARBOR,4857-01-0034(REV.H),4,2026-02-17 00:00:00,,,
2026-02-16,12:30,33,CVV9240,COLLET,4030-01-0008(REV.B),1,2026-02-17 00:00:00,,,
2026-02-16,12:30,19,CVV9220,ADAPTER SUPPORT,G191-01-0022,1,2026-02-17 00:00:00,,,
2026-02-16,12:30,19,CVV9221,ADAPTER SUPPORT,G191-01-0023,1,2026-02-17 00:00:00,,,
2026-02-17,15:00,25,CVV7032,HYDRA GRIP,4516-01-0686A(DIA.7.4),1,2026-02-19 00:00:00,,,
2026-02-17,15:00,29,CVV7380,GUIDE PLATE,4036-02-0004 (REV.NC),1,2026-02-19 00:00:00,,,
2026-02-17,15:00,25,CVV7990,HYDRA GRIP,4516-01-0693A(DIA 8.98),3,2026-02-19 00:00:00,,,
2026-02-17,15:00,08,CVV8433,BACKING PLATE,4853-01-0029,1,2026-02-19 00:00:00,,,
2026-02-17,15:00,08,CVV8434,JAW,4853-06-0031,2,2026-02-19 00:00:00,,,
2026-02-17,15:00,25,CVV8541,HYDRA GRIP,4516-01-0706,10,2026-02-18 00:00:00,,,
2026-02-17,15:00,29,CVV7318,SHOE  VERTICAL,757.5.003-008 (REV.T),1,2026-02-19 00:00:00,,,
2026-02-18,11:00,06,CVV5193,FORMING BIT,N-19-1059,10,2026-02-19 00:00:00,,,
2026-02-18,11:00,05,CVV5306,CUT OFF BIT,A-05-N111(REV.F),10,2026-02-19 00:00:00,,,
2026-02-18,11:00,03,IV25375,BOLT DIE,F160066C,3,2026-02-19 00:00:00,,,
2026-02-18,11:00,10,IV25380,FLAT DIES,5/16-24UNJF(170X150X34X24)NITRIDE,2,2026-02-19 00:00:00,,,
2026-02-18,11:00,10,IV25351,USED FLAT DIES,5/16-24UNJF S/NO.M73670747-01,2,2026-02-19 00:00:00,,,
2026-02-18,11:00,10,IV25352,USED FLAT DIES,1/4-28UNJF S/NO.M73348061-03,2,2026-02-19 00:00:00,,,
2026-02-18,11:00,10,IV25354,USED FLAT DIES,5/16-24UNJF S/NO.M73587211-01,2,2026-02-19 00:00:00,,,
2026-02-19,10:00,06,CVW0435,FORMING BIT(REWORK),N-19-819,5,2026-02-20 00:00:00,,,
2026-02-19,10:00,06,CVW0436,FORMING BIT(REWORK),N-19-509,6,2026-02-20 00:00:00,,,
2026-02-19,10:00,06,CVW0437,FORMING BIT(REWORK),N-19-574,11,2026-02-20 00:00:00,,,
2026-02-19,10:00,06,CVW0438,FORMING BIT(REWORK),N-19-700,8,2026-02-20 00:00:00,,,
2026-02-19,10:00,06,CVW0439,CUT OFF BIT(REWORK),A-05-N111(REV.F),100,2026-02-20 00:00:00,,,
2026-02-19,10:00,06,CVW0440,RECESS BIT(REWORK),C-19-146,6,2026-02-20 00:00:00,,,
2026-02-19,10:00,06,CVW0441,RECESS BIT(REWORK),C-19-147,7,2026-02-20 00:00:00,,,
2026-02-19,10:00,06,CVW0442,RECESS BIT(REWORK),C-19-149,6,2026-02-20 00:00:00,,,
2026-02-19,11:00,30,CVV7588,ROLLER SHOE ASSY (REWORK),4559-05-1017-99,1,2026-02-20 00:00:00,,,
2026-02-19,11:00,34,CVV8517,DIE PIN,4571-02-1301(REV.B),4,2026-02-20 00:00:00,,,
2026-02-19,11:00,19,CVV8450,GUIDE RING FOR TFE BONDING,4800-38-0186(REV.NC),20,2026-02-20 00:00:00,,,
2026-02-19,14:00,01,CVV9189,RAISING BASE,4863-03-0003-05,1,2026-02-20 00:00:00,,,
2026-02-19,14:00,01,CVV9193,GUARD,4863-03-0004-04,1,2026-02-23 00:00:00,,,
2026-02-19,14:00,01,CVW0101,CLAMP PLATE,FJ-4955-816-203,1,2026-02-20 00:00:00,,,
2026-02-19,14:00,10,CVV9700,DIE,F100895B,1,2026-02-20 00:00:00,,,
2026-02-19,14:00,34,CVV8047,SWAGE DIE,4571-01-1046(REV.F),4,2026-02-24 00:00:00,REJECT,,
2026-02-19,14:00,34,CVV8051,SWAGE DIE,4571-01-1139(REV.D),4,2026-02-23 00:00:00,,,
2026-02-19,14:00,34,CVV8052,SWAGE DIE,4571-01-1151(REV.D),4,2026-02-23 00:00:00,,,
2026-02-19,14:00,34,CVV8053,SWAGE DIE,4571-01-1081(REV.E),4,2026-02-23 00:00:00,,,
2026-02-19,15:10,29,CVV9802,DIAMOND DRESSER(REWORK),4800-51-0020(L=60),15,2026-02-20 00:00:00,,,
2026-02-19,16:30,34,CVV8526,GUIDE PIN,4571-03-1010(REV.B),2,2026-02-20 00:00:00,,,
2026-02-19,16:30,34,CVV8524,GUIDE PIN,4571-03-1028(REV.C),1,2026-02-20 00:00:00,,,
2026-02-19,16:30,39,CVV8645,PUNCH,9732-02-0118(REV.NC),2,2026-02-20 00:00:00,,,
2026-02-19,16:30,34,CVV8529,GUIDE PIN,4571-03-2010(REV.C),1,2026-02-20 00:00:00,,,
2026-02-19,16:30,26,CVV9947,GUIDE PIN,4651-10-0169B,3,2026-02-20 00:00:00,,,
2026-02-20,14:00,37,CVV3932,BLADE,4521-01-0001B,1,2026-02-23 00:00:00,,,
2026-02-20,14:00,27,CVV8978,ROLL DIES(REWORK),3/8-24UNJF(AR200040C)R.H(L=80),1,2026-02-24 00:00:00,,,
2026-02-20,14:00,27,CVV3573,ROLL DIES(REWORK),3/8-24UNJF(AR200040C)R.H(L=80),1,2026-02-24 00:00:00,,,
2026-02-20,14:00,27,CVV8980,ROLL DIES(REWORK),3/8-24UNJF(AR200059C)L.H(L=80),1,2026-02-24 00:00:00,,,
2026-02-20,14:00,27,CVV8981,ROLL DIES(REWORK),3/8-24UNJF(AR200059C)L.H(L=80),1,2026-02-24 00:00:00,,,
2026-02-20,14:00,27,CVV8979,ROLL DIES(REWORK),3/8-24UNJF(AR200040C)R.H(L=80),1,2026-02-23 00:00:00,,,
2026-02-23,15:30,29,CVV8034,REAR SHOE BASE,4664-08-0008,3,2026-02-24 00:00:00,,,
2026-02-23,15:30,30,CVV8767,GUIDE PLATE(2),4870-10-0010 (REV.NC),1,2026-02-24 00:00:00,,,
2026-02-23,15:30,30,CVV8769,JOINT PLATE,4870-10-0008 (REV.NC),1,2026-02-24 00:00:00,,,
2026-02-23,15:30,29,CVV9169,REAR SHOE BASE,4664-08-0008,7,2026-02-24 00:00:00,,,
2026-02-23,15:30,04,CVV9075,JAW FOR XL150 CHUCK,FJ-4084-312-201(555303)DIA.8.84,3,2026-02-24 00:00:00,,,
2026-02-23,15:30,04,CVV9076,JAW FOR XL150 CHUCK,FJ-4084-312-201(555122)DIA.7.92,3,2026-02-24 00:00:00,,,
2026-02-23,15:30,05,CVW0010,CHUCK JAW(MODIFY),G051-02-0001,3,2026-02-24 00:00:00,,,
2026-02-23,15:30,30,CVV9800,WORK PUSHER(2),4870-23-0024(REV.NC),1,2026-02-24 00:00:00,,,
2026-02-23,15:30,34,CVV9183,BALL INSERT JAW,4886-01-0001,1,2026-02-24 00:00:00,,,
2026-02-23,16:30,37,CVV7637,ADAPTER DRIVER,772.5.025-036 (REV.BB),1,2026-02-24 00:00:00,,,
2026-02-23,16:30,37,CVV7633,ADAPTER DRIVER,772.5.025-039 (REV.BB),1,2026-02-24 00:00:00,,,
2026-02-24,16:00,36,CVV9301,LEFT SIDE GUIDE,4606-03-0002-02(REV.C),1,2026-02-25 00:00:00,,,
2026-02-24,16:00,36,CVV9305,LEFT SIDE GUIDE,4606-03-0002-01(REV.C),1,2026-02-25 00:00:00,,,
2026-02-24,16:30,01,CVV8622,BASE(OP1),5487-003-201,1,2026-02-25 00:00:00,,,
2026-02-24,16:30,01,CVV8624,BASE(OP3),5487-003-203,1,2026-02-25 00:00:00,,,
2026-02-25,9:30,19,CVW0934,BASE(5),4519-012-302,2,2026-02-25 00:00:00,REJECT,,
2026-02-25,11:00,34,CVV8060,SWAGE DIE PIN,4571-02-1260(REV.B),3,2026-02-26 00:00:00,,,
2026-02-25,12:00,01,CVV8691,SPLIT COLLET(S),FJ-2737-801-201,3,2026-02-25 00:00:00,REJECT,,
2026-02-25,12:00,01,CVV9186,V-BLOCK SUPPORT PLATE,4863-03-0003-02(REV.B),1,2026-02-27 00:00:00,,,
2026-02-25,12:00,01,CVV9187,CYLINDER HOUSING,4863-03-0003-03,1,2026-02-26 00:00:00,,,
2026-02-25,13:30,10,CVV9700,DIE,F100895B,1,2026-02-26 00:00:00,,,
2026-02-25,13:30,10,CVV9697,DIE,F100945,1,2026-02-26 00:00:00,,,
2026-02-26,8:00,34,CVV9182,GUIDE PIN,4571-03-1028(REV.C),100,2026-02-26 00:00:00,"OK=98,NG=2",,
2026-02-26,8:00,37,CVV9343,RACE PUSHER,4560-18-1014(REV.C),1,2026-02-26 00:00:00,,,
2026-02-26,8:00,34,CVV9181,GUIDE PIN,4571-03-1038 B,200,2026-02-26 00:00:00,,,
2026-02-26,8:00,37,CVV9329,CONCENTRICITY MEASURING,9901-09-0002(REV.F),1,2026-02-26 00:00:00,,,
2026-02-26,8:00,37,CVV9332,CONCENTRICITY MEASURING,9901-09-0001(REV.D),1,2026-02-26 00:00:00,,,
2026-02-26,8:00,37,CVV9333,CONCENTRICITY MEASURING,9901-09-0005(REV.D),1,2026-02-26 00:00:00,REJECT,,
2026-02-26,8:00,37,CVV9334,CONCENTRICITY MEASURING,9901-09-0006(REV.E),1,2026-02-26 00:00:00,,,
2026-02-26,8:00,37,CVV9335,CONCENTRICITY MEASURING,9901-09-0008(REV.D),1,2026-02-26 00:00:00,,,
2026-02-26,8:00,37,CVV9336,CONCENTRICITY MEASURING,9901-09-0003(REV.E),1,2026-02-26 00:00:00,,,
2026-02-26,8:00,29,CVW1257,SHOE(REWORK),772.5.009-218(REV.BC),2,2026-02-26 00:00:00,,ส่งงานก่อนD/Oตาม,
2026-02-27,13:00,18,CVV7155,CAP FOR FINISH ID HOLDER,4682-10-0022-02A,1,2026-02-27 00:00:00,,,
2026-02-27,16:30,13,CVV9636,FEELER,G132-03-0110(REV.NC)(2PCS/SET),1,2026-02-28 00:00:00,,,
2026-03-04,15:00,34,CVV8047,SWAGE DIE,4571-01-1046(REV.F),4,2026-03-05 00:00:00,,,
2026-03-04,15:00,10,CVW0434,FILLET ROLL(REWORK),F840248(3PCS/SET),2,2026-03-05 00:00:00,,,
2026-03-04,15:00,34,CVV9179,SWAGE DIE,4571-01-1143(REV.C),4,2026-03-05 00:00:00,,,
2026-03-05,10:00,30,CVV8447,GRINDING WHEEL,4559-39-3003,10,2026-03-05 00:00:00,,,
2026-03-05,10:00,30,CVV8448,GRINDING WHEEL,4559-39-3005A,10,2026-03-05 00:00:00,,,
2026-03-05,10:00,30,CVV8449,GRINDING WHEEL,4559-39-3008A,10,2026-03-05 00:00:00,,,
2026-03-05,10:00,18,CVV5729,CHUCK BODY,4662-03-0001B,1,2026-03-07 00:00:00,,,
2026-03-05,12:40,10,IV25532,FILLET ROLL,F840016 (R0.50),3,2026-03-05 00:00:00,,,
2026-03-05,12:40,19,IV25607,BONDING ARBOR,BA5011 (NCV),1,รอเอาไปกลาย,,,
2026-03-05,16:30,06,CVW0901,FORMING BIT(REWORK),N-19-005,6,2026-03-07 00:00:00,,,
2026-03-05,16:30,06,CVW0902,FORMING BIT(REWORK),N-19-817,5,2026-03-07 00:00:00,,,
2026-03-05,16:30,06,CVW0903,FORMING BIT(REWORK),N-19-818,6,2026-03-07 00:00:00,,,
2026-03-05,16:30,06,CVW0904,FORMING BIT(REWORK),N-19-850,7,2026-03-07 00:00:00,,,
2026-03-05,16:30,06,CVW0905,FORMING BIT(REWORK),N-19-515,7,2026-03-07 00:00:00,,,
2026-03-05,16:30,06,CVW0906,FORMING BIT(REWORK),N-19-574,10,2026-03-07 00:00:00,,,
2026-03-05,16:30,06,CVW0907,CUT OFF BIT(REWORK),A-05-N111(REV.F),100,2026-03-07 00:00:00,,,
2026-03-05,16:30,06,CVW0908,FRONT CHAMFER(REWORK),D-19-022,6,2026-03-07 00:00:00,,,
2026-03-05,16:30,06,CVW0910,BACK CHAMFER BIT(REWORK),C-19-132,7,2026-03-07 00:00:00,,,
2026-03-05,16:30,06,CVW0911,BACK CHAMFER BIT(REWORK),C-19-144,8,2026-03-07 00:00:00,,,
2026-03-05,16:30,06,CVW0912,RECESS BIT(REWORK),C-19-146,6,2026-03-07 00:00:00,,,
2026-03-05,17:30,37,CVV9330,CONCENTRICITY MEASURING,9901-09-0004(REV.F),1,2026-03-07 00:00:00,,,
2026-03-05,17:30,25,CVW0372,SHIM,ROD-TN-0071-4(0.07),8,2026-03-07 00:00:00,NO INSP,,
2026-03-05,17:30,25,CVW0373,SHIM,ROD-TN-0071-3(0.05),8,2026-03-07 00:00:00,NO INSP,,
2026-03-06,15:00,06,CVV5192,FORMING BIT,N-19-301,5,2026-03-07 00:00:00,,,
2026-03-06,15:00,06,CVV6621,FORMING BIT,N-19-528,10,2026-03-07 00:00:00,,,
2026-03-06,15:00,06,CVV6622,FORMING BIT,N-19-548,10,2026-03-07 00:00:00,,,
2026-03-06,15:00,19,CVW0707,INSERT (ONLY COATING TIN),F-51-464 (FB15),10,2026-03-07 00:00:00,,,
2026-03-06,17:00,13,CVV8678,STYLUS LINK,HT47052-50-G013,2,2026-03-07 00:00:00,,,
2026-03-06,17:00,29,CVV7321,ADAPTER DRIVER,772.5.025-053 (REV.BB),1,2026-03-07 00:00:00,,,
2026-03-07,17:00,26,CVV9908,STOPPER,4651-15-0009,1,2026-03-09 00:00:00,,,
2026-03-07,17:00,26,CVV9921,SHIM,4651-25-0010,2,2026-03-09 00:00:00,,,
2026-03-07,17:00,39,CVW0419,STAKING PUNCH(REWORK),4591-01-0008,2,2026-03-10 00:00:00,,,
2026-03-07,17:00,26,CVV9917,SHIM,4651-25-0006,2,2026-03-09 00:00:00,,,
2026-03-07,17:00,26,CVV9919,SHIM,4651-25-0008,2,2026-03-09 00:00:00,,,
2026-03-07,17:00,19,CVV8864,BONDING ARBOR,BA2009(REV.B),1,2026-03-09 00:00:00,,,
2026-03-07,17:00,26,CVV9899,WEIGHT,4651-10-0180-04,1,2026-03-09 00:00:00,,,
2026-03-07,17:00,04,CVV9077,STOPPER,5428-310-202,2,2026-03-09 00:00:00,,,
2026-03-07,17:00,34,CVV8520,DIE PIN,4571-02-1269(REV.A),4,2026-03-10 00:00:00,,,
2026-03-07,17:00,29,CVW0254,WORK DRIVER BODY,4664-15-0022,3,2026-03-09 00:00:00,,,
2026-03-07,17:00,26,CVV9894,WEIGHT,4651-19-0002-05,1,2026-03-09 00:00:00,,,
2026-03-07,17:00,26,CVV9900,STOPPER,4651-10-0182,1,2026-03-09 00:00:00,,,
2026-03-07,17:00,26,CVV9907,STOPPER,4651-15-0008,1,2026-03-09 00:00:00,,,
2026-03-07,17:00,26,CVV9897,WEIGHT,4651-10-0180-02,1,2026-03-09 00:00:00,,,
2026-03-07,17:00,26,CVV9910,WEIGHT,4651-15-0011,1,2026-03-09 00:00:00,,,
2026-03-07,17:00,26,CVV9891,WEIGHT,4651-19-0002-04,1,2026-03-09 00:00:00,,,
2026-03-07,17:00,13,CVV8539,ASSY BALL CARBIDE FOR OUTER TRAC,022.133.039,1,2026-03-09 00:00:00,,,
2026-03-07,17:00,26,CVV9896,WEIGHT,4651-10-0180-01,1,2026-03-09 00:00:00,,,
2026-03-07,17:00,26,CVV9898,WEIGHT,4651-10-0180-03,1,2026-03-09 00:00:00,,,
2026-03-07,17:00,26,CVV9889,BLOCK,4651-19-0004-06,1,2026-03-09 00:00:00,,,
2026-03-07,17:00,40,CVW0980,STYLUS(REWORK),FJ-4865-504-201,1,2026-03-09 00:00:00,,,
2026-03-07,17:00,31,CVW0052,COLLET,4691-03-0011(REV.A),1,2026-03-10 00:00:00,,,
2026-03-07,17:00,31,CVW0053,COLLET,4691-03-0001(REV.D),1,2026-03-10 00:00:00,,,
2026-03-07,17:00,31,CVW0054,COLLET,4691-03-0019(REV.D),1,2026-03-10 00:00:00,,,
2026-03-07,17:00,34,CVV9182,GUIDE PIN,4571-03-1028(REV.C),2,2026-03-09 00:00:00,REJECTED,,
2026-03-09,12:00,37,CVW0181,SET PIN,4560-21-0215 (REV.NC),1,2026-03-10 00:00:00,,,
2026-03-09,12:00,34,CVW0169,JAW(DIA30-DIA45),4886-04-0003-01(REV.NC),1,2026-03-09 00:00:00,,,
2026-03-09,12:00,34,CVW0170,CLAMPER(DIA14-DIA25),7886-02-0002-04(REV.E),1,2026-03-09 00:00:00,,,
2026-03-09,12:00,34,CVW0171,SHAFT,7886-02-0002-12(REV.NC),1,2026-03-09 00:00:00,,,
2026-03-09,12:00,34,CVW0172,CLAMPER(DIA25-DIA40),7886-02-0002-05(REV.C),1,2026-03-09 00:00:00,,,
2026-03-09,12:00,34,CVW0174,JAW(DIA12-DIA30),4886-04-0003-02(REV.NC),1,2026-03-09 00:00:00,,,
2026-03-09,12:00,24,CVW0345,BODY COLLET,4007-04-0120,1,2026-03-10 00:00:00,,,
2026-03-09,12:00,24,CVW0346,BODY COLLET,4007-04-0030 B,1,2026-03-10 00:00:00,,,
2026-03-09,12:00,24,CVW0347,BODY COLLET,4007-04-0001,1,2026-03-10 00:00:00,,,
2026-03-09,12:00,24,CVW0348,BODY COLLET,4007-04-0060,1,2026-03-10 00:00:00,,,
2026-03-09,12:00,24,CVW0349,BODY COLLET,4007-04-0102,1,2026-03-10 00:00:00,,,
2026-03-09,12:00,01,CVV9185,BASE,4863-03-0003-01(REV.A),1,2026-03-13 00:00:00,,,
2026-03-09,12:00,01,CVV9191,BASE(2),4863-03-0004-02,1,2026-03-11 00:00:00,,,
2026-03-09,12:00,01,CVV9192,BLOCK,4863-03-0004-03,2,2026-03-13 00:00:00,,,
2026-03-09,12:00,01,CVV9194,SUB BASE,4863-09-0003,1,2026-03-11 00:00:00,,,
2026-03-09,17:00,29,CVV7416,EJECTOR FINGER,772.5.003-089 (REV.AW),1,2026-03-11 00:00:00,,,
2026-03-09,17:00,29,CVV7419,GUIDE  LOWER LEFT,772.5.006-091 (REV.BW),1,2026-03-11 00:00:00,,,
2026-03-09,17:00,29,CVV7422,FILLER PLATE,772.5.016-007 (REV.Z),1,2026-03-11 00:00:00,,,
2026-03-09,17:00,29,CVV7423,INSERT  DRIVER NOSE PIECE,772.5.024-039 (REV.BD),1,2026-03-10 00:00:00,,,
2026-03-09,17:00,29,CVV7426,INSERT  DRIVER NOSE PIECE,772.5.024-039 (REV.BD),1,2026-03-10 00:00:00,,,
2026-03-09,17:00,29,CVV7427,CHUCK FINGERS,786.5.060-003 (REV.E),6,2026-03-11 00:00:00,,,
2026-03-09,17:00,29,CVV7441,EJECTOR FINGER,772.5.003-087 (REV.AW),1,2026-03-11 00:00:00,,,
2026-03-09,17:00,29,CVV7444,ADAPTER DRIVER,772.5.006-079 (REV.BW),1,2026-03-11 00:00:00,,,
2026-03-09,17:00,29,CVV7448,FILLER PLATE,772.5.016-007 (REV.Z),1,2026-03-11 00:00:00,,,
2026-03-09,17:00,29,CVV7449,INSERT  DRIVER NOSE PIECE,772.5.024-036 (REV.BD),1,2026-03-10 00:00:00,,,
2026-03-09,17:00,29,CVV7452,INSERT  DRIVER NOSE PIECE,772.5.024-036 (REV.BD),1,2026-03-10 00:00:00,,,
2026-03-09,17:00,29,CVV7453,CHUCK FINGERS,786.5.060-003 (REV.E),6,2026-03-11 00:00:00,,,
2026-03-09,17:00,29,CVV7457,EJECTOR FINGER,772.5.003-064 (REV.AW),1,2026-03-11 00:00:00,,,
2026-03-09,17:00,29,CVV7460,GUIDE  LOWER LEFT,772.5.006-005 (REV.BW),1,2026-03-11 00:00:00,,,
2026-03-09,17:00,29,CVV7464,FILLER PLATE,772.5.016-005 (REV.Z),1,2026-03-11 00:00:00,,,
2026-03-09,17:00,29,CVV7465,INSERT  DRIVER NOSE PIECE,772.5.024-018 (REV.BD),1,2026-03-10 00:00:00,,,
2026-03-09,17:00,29,CVV7469,INSERT DRIVER NOSE PIECE,772.5.024-058 (REV.BD),1,2026-03-10 00:00:00,,,
2026-03-09,17:00,29,CVV7470,CHUCK FINGERS,786.5.060-004 (REV.E),6,2026-03-11 00:00:00,,,
2026-03-09,17:00,21,CVV9302,CHUCK JAW,4894-01-0107,2,2026-03-10 00:00:00,,,
2026-03-09,17:00,21,CVW0795,CHUCK JAW,4894-01-0104 A,2,2026-03-10 00:00:00,,,
2026-03-09,17:00,21,CVW0796,CHUCK JAW,4894-01-0108,2,2026-03-10 00:00:00,,,
2026-03-09,17:00,25,CVV9031,HYDRA GRIP,4516-01-0610A(DIA.8.98),5,2026-03-11 00:00:00,,,
2026-03-09,17:00,32,CVV9057,BALANCE WEIGHT,7664-10-0028 (REV.NC),1,2026-03-11 00:00:00,,,
2026-03-09,17:00,08,CVV9059,JAW,4853-06-0037 (REV.NC),1,2026-03-11 00:00:00,,,
2026-03-09,17:00,08,CVV9060,GAUGE,4853-07-0033 (REV.NC),1,2026-03-10 00:00:00,,,
2026-03-09,17:00,29,CVW0253,WORK DRIVER BODY,4664-15-0014,3,2026-03-10 00:00:00,,,
2026-03-09,17:00,26,CVW1039,CLAMP PLATE,4651-13-0049F,2,2026-03-10 00:00:00,,,
2026-03-10,10:00,09,IV25484,DIAMOND DRESSER,4800-51-0010,20,2026-03-11 00:00:00,,,
2026-03-10,10:00,29,IV25483,DIAMOND DRESSER,4800-51-0020(L=60),30,2026-03-11 00:00:00,,,
2026-03-10,10:00,06,CVW1322,FRONT CHAMFER BIT(REWORK),D-19-018,5,2026-03-10 00:00:00,,,
2026-03-10,10:00,06,CVW1323,FORNT CHAMFER BIT(REWORK),D-19-019,6,2026-03-10 00:00:00,,,
2026-03-10,10:00,06,CVW1324,FRONT CHAMFER BIT(REWORK),D-19-028(55 DEGREE),5,2026-03-10 00:00:00,,,
2026-03-10,10:00,06,CVW1325,BACK CHAMFER BIT(REWORK),C-19-125,6,2026-03-10 00:00:00,,,
2026-03-10,10:00,06,CVW1326,RECESS BIT(REWORK),C-19-146,10,2026-03-10 00:00:00,,,
2026-03-10,10:00,06,CVW1327,RECESS BIT(REWORK),C-19-147,7,2026-03-10 00:00:00,,,
2026-03-10,10:00,06,CVW1328,RECESS BIT(REWORK),C-19-148(55 DEGREE),6,2026-03-10 00:00:00,,,
2026-03-10,10:00,06,CVW1313,FORMING BIT(REWORK),N-19-005,6,2026-03-10 00:00:00,,,
2026-03-10,10:00,06,CVW1314,FORMING BIT(REWORK),N-19-824,8,2026-03-10 00:00:00,,,
2026-03-10,10:00,06,CVW1315,FORMING BIT(REWORK),N-19-979,5,2026-03-10 00:00:00,,,
2026-03-10,10:00,06,CVW1316,FORMING BIT(REWORK),N-19-513,6,2026-03-10 00:00:00,,,
2026-03-10,10:00,06,CVW1317,FORMING BIT(REWORK),N-19-515,8,2026-03-10 00:00:00,,,
2026-03-10,10:00,06,CVW1318,FORMING BIT(REWORK),N-19-560,7,2026-03-10 00:00:00,,,
2026-03-10,10:00,06,CVW1319,FORMING BIT(REWORK),N-19-574,7,2026-03-10 00:00:00,,,
2026-03-10,10:00,06,CVW1320,FORMING BIT(REWORK),N-19-502,12,2026-03-10 00:00:00,,,
2026-03-10,10:00,06,CVW1321,CUT OFF BIT(REWORK),A-05-N111(REV.F),100,2026-03-10 00:00:00,,,
2026-03-10,17:00,37,CVV6439,BLADE,4521-01-0001B,1,2026-03-13 00:00:00,,,
2026-03-10,17:00,26,CVV9916,SHIM,4651-25-0005,2,2026-03-12 00:00:00,,,
2026-03-10,17:00,26,CVV9881,TRIGGER,4651-19-0004-04,1,2026-03-12 00:00:00,,,
2026-03-10,17:00,26,CVV7673,BODY HOLDER (NEW TYPE),4651-20-0010,1,2026-03-12 00:00:00,,,
2026-03-10,17:00,26,CVV9909,BUSH(LEFT),4651-15-0010,1,2026-03-12 00:00:00,,,
2026-03-10,17:00,26,CVV9918,SHIM,4651-25-0007,2,2026-03-12 00:00:00,,,
2026-03-10,17:00,04,CVV9784,HOLDER,G041-02-0007,2,2026-03-11 00:00:00,,,
2026-03-11,8:30,06,CVW0152,BORING BIT(REWORK),M-69-103,7,2026-03-11 00:00:00,,,
2026-03-11,8:30,06,CVW0151,BORING BIT(REWORK),M-69-102,5,2026-03-11 00:00:00,,,
2026-03-11,8:30,06,CVW0153,BORING BIT(REWORK),M-69-105,9,2026-03-11 00:00:00,,,
2026-03-11,8:30,06,CVV9449,BORING BIT,M-69-103,10,2026-03-11 00:00:00,,,
2026-03-11,14:00,01,CVV8691,SPLIT COLLET(S),FJ-2737-801-201,3,2026-03-11 00:00:00,,,
2026-03-12,11:00,34,CVV6156,SWIVEL ADJUST PLATE1,9730-02-0001-08(REV.A),1,2026-03-13 00:00:00,,,
2026-03-12,11:00,36,CVW0240,SPACER JIG,G361-01-0010(REV.A),1,2026-03-13 00:00:00,,,
2026-03-12,11:00,36,CVW0241,SPACER JIG,G361-01-0011(REV.A),1,2026-03-13 00:00:00,,,
2026-03-12,11:00,36,CVW0242,SPACER JIG,G361-01-0012(REV.A),1,2026-03-13 00:00:00,,,
2026-03-12,11:00,36,CVW0243,SPACER JIG,G361-01-0013(REV.A),1,2026-03-13 00:00:00,,,
2026-03-12,11:00,36,CVW0244,SPACER JIG,G361-01-0014(REV.A),1,2026-03-13 00:00:00,,,
2026-03-12,11:00,36,CVW0245,SPACER JIG,G361-01-0022(REV.A),1,2026-03-13 00:00:00,,,
2026-03-12,11:00,36,CVW0246,SPACER JIG,G361-01-0023,1,2026-03-13 00:00:00,,,
2026-03-12,11:00,36,CVW0247,SPACER JIG,G361-01-0024,1,2026-03-13 00:00:00,,,
2026-03-12,11:00,36,CVW0248,SPACER JIG,G361-01-0025,1,2026-03-13 00:00:00,,,
2026-03-12,11:00,36,CVW0249,SPACER JIG,G361-01-0026,1,2026-03-13 00:00:00,,,
2026-03-12,11:00,36,CVW0250,SPACER JIG,G361-01-0027,1,2026-03-13 00:00:00,,,
2026-03-12,11:00,09,CVW0251,CHUTE COVER,4866-14-0219(REV.NC),1,2026-03-12 00:00:00,,,
2026-03-12,11:00,09,CVW0252,CARRIER,4556-01-0008(REV.F),1,2026-03-13 00:00:00,,,
2026-03-12,11:00,09,CVW0135,CHUTE COVER,4866-14-0081(REV.NC),1,2026-03-12 00:00:00,,,
2026-03-12,11:00,09,CVW0136,CHUTE COVER,4866-14-0119(REV.NC),1,2026-03-12 00:00:00,,,
2026-03-12,11:00,09,CVW0184,CHUTE COVER,4866-14-0055(REV.NC),1,2026-03-12 00:00:00,,,
2026-03-12,11:00,09,CVW0185,CHUTE COVER,4866-14-0132(REV.NC),1,2026-03-12 00:00:00,,,
2026-03-13,11:00,39,CVW0420,STAKING PUNCH(REWORK),4591-01-0076,2,2026-03-16 00:00:00,,,
2026-03-13,11:00,01,CVW0109,BLOCK,5479-820-203,3,2026-03-16 00:00:00,,,
2026-03-13,11:00,26,CVV9859,BODY HOLDER (NEW TYPE),4651-20-0051,1,2026-03-16 00:00:00,,,
2026-03-13,11:00,30,CVV9132,PLUG GAUGE,4559-18-0129,1,2026-03-16 00:00:00,,,
2026-03-13,11:00,26,CVV9878,COLLAR,4651-19-0004-03,1,2026-03-16 00:00:00,,,
2026-03-13,11:00,26,CVV9911,BUSH(RIGHT),4651-15-0012,1,2026-03-16 00:00:00,,,
2026-03-13,11:00,01,CVW0107,BASE PLATE,5479-820-201,1,2026-03-16 00:00:00,,,
2026-03-13,11:00,30,CVV9095,ROLLER SHOE ASSY (REWORK),4559-05-1001-99,1,2026-03-16 00:00:00,,,
2026-03-13,15:30,01,CVV9190,BASE,4863-03-0004-01,1,2026-03-17 00:00:00,,,
2026-03-16,10:00,30,CVV9131,PLUG GAUGE,4559-18-0003,1,2026-03-17 00:00:00,,,
2026-03-16,10:00,26,CVV9926,SHIM,4651-25-0014,2,2026-03-17 00:00:00,,,
2026-03-16,10:00,26,CVV9904,CLAMP PIN,4651-15-0002,2,2026-03-17 00:00:00,,,
2026-03-16,10:00,26,CVV9863,CHUCK ADAPTER,4651-10-0019,1,2026-03-17 00:00:00,,,
2026-03-16,10:30,34,CVW0168,BALL INSERT JAW,4886-01-0007(REV.NC),1,2026-03-17 00:00:00,,,
2026-03-16,15:00,25,CVV7027,HYDRA GRIP,4516-01-0695,3,2026-03-19 00:00:00,,,
2026-03-16,15:00,29,CVV7413,GUIDE  LOWER RIGHT,772.5.000-091 (REV.BV),1,2026-03-17 00:00:00,,,
2026-03-16,15:00,29,CVV7438,GUIDE  LOWER RIGHT,772.5.000-079 (REV.BV),1,2026-03-17 00:00:00,,,
2026-03-16,15:00,29,CVV7454,GUIDE  LOWER RIGHT,772.5.000-005 (REV.BV),1,2026-03-17 00:00:00,,,
2026-03-16,15:00,25,CVV9032,HYDRA GRIP,4516-01-0632D(DIA.10.43),7,2026-03-19 00:00:00,,,
2026-03-16,15:00,30,CVV9055,BACK PLATE,4072-02-0020 (REV.NC),1,2026-03-17 00:00:00,,,
2026-03-16,15:00,30,CVV9056,BACK PLATE,4072-02-0019 (REV.NC),1,2026-03-17 00:00:00,,,
2026-03-16,15:00,04,CVV9072,GROOVE CHUCK,FJ-2912-311-201(555556)DIA.6.34,1,2026-03-17 00:00:00,,,
2026-03-16,15:00,04,CVV9073,GROOVE CHUCK,FJ-2912-311-201(556025)DIA.6.72,1,2026-03-17 00:00:00,,,
2026-03-16,15:00,04,CVV9074,GROOVE CHUCK,FJ-2912-311-201(556328)DIA.4.40,3,2026-03-17 00:00:00,,,
2026-03-16,15:00,04,CVW0470,GROOVE CHUCK,FJ-2912-311-201(556025)DIA.6.72,2,2026-03-17 00:00:00,,,
2026-03-16,15:00,04,CVW0471,GROOVE CHUCK,FJ-2912-311-201(555556)DIA.6.34,2,2026-03-17 00:00:00,,,
2026-03-16,15:00,04,CVW0473,GROOVE CHUCK,FJ-2912-311-201(556328)DIA.4.40,3,2026-03-17 00:00:00,,,
2026-03-17,16:30,37,CVV9333,CONCENTRICITY MEASURING,9901-09-0005(REV.D),1,2026-03-19 00:00:00,,,
2026-03-17,16:30,37,CVW0966,RACE PUSHER,4560-18-1019C,1,2026-03-19 00:00:00,,,
2026-03-17,16:30,37,CVW0967,RACE PUSHER,4560-18-1025C,1,2026-03-19 00:00:00,,,
2026-03-18,10:30,05,CVV8404,CUT OFF BIT,A-05-N111(REV.F),10,2026-03-19 00:00:00,,,
2026-03-18,10:30,06,CVV3830,RECESS BIT,C-19-144(REV.D),10,2026-03-19 00:00:00,,,
2026-03-18,14:30,10,CVV9697,DIE,F100945,1,2026-03-20 00:00:00,,,
2026-03-18,14:30,03,CVW0426,BOLT DIE,F160066C,6,2026-03-20 00:00:00,,,
2026-03-18,14:30,03,CVW0427,DIE,FT1-130203-H,1,2026-03-20 00:00:00,,,
2026-03-18,14:30,03,CVW0430,DIE(REWORK),F130198,1,2026-03-20 00:00:00,,,
2026-03-18,14:30,03,CVW0431,DIE(REWORK),F100945,1,2026-03-20 00:00:00,,,
2026-03-18,14:30,03,CVW0432,DIE(REWORK),F100945,1,2026-03-20 00:00:00,,,
2026-03-18,14:30,03,CVW0433,DIE(REWORK),F100912,1,2026-03-20 00:00:00,,,
2026-03-18,16:00,30,CVW0382,GRINDING WHEEL(REWORK),4559-39-3003,6,2026-03-19 00:00:00,,,
2026-03-18,16:00,30,CVW0383,GRINDING WHEEL (REWORK),4559-39-3008,9,2026-03-19 00:00:00,,,
2026-03-18,16:00,30,CVW0384,GRINDING WHEEL(REWORK),4559-39-3012,5,2026-03-19 00:00:00,,,
2026-03-18,16:00,30,CVW0385,GRINDING WHEEL(REWORK),4559-39-3016,7,2026-03-19 00:00:00,,,
2026-03-18,16:00,30,CVW0386,GRINDING WHEEL (REWORK),4559-39-3017,6,2026-03-19 00:00:00,,,
2026-03-18,16:00,30,CVW0387,GRINDING WHEEL(REWORK),4559-39-3018,5,2026-03-19 00:00:00,,,
2026-03-18,16:00,30,CVW0388,GRINDING WHEEL (REWORK),4559-39-3020,4,2026-03-19 00:00:00,,,
2026-03-18,16:00,30,CVW0389,GRINDING WHEEL (REWORK),4559-39-3021,5,2026-03-19 00:00:00,,,
2026-03-18,16:00,30,CVW0390,GRINDING WHEEL(REWORK),4559-39-3034 DIA.3.5*6*3.2 (6),5,2026-03-19 00:00:00,,,
2026-03-18,16:00,27,CVW0314,ROLL DIES(REWORK),3/8-24UNJF(AR200040C)R.H(L=80),1,2026-03-25 00:00:00,,,
2026-03-18,16:00,27,CVW0312,ROLL DIES(REWORK),5/16-24UNJF(AR200061B)L.H,1,2026-03-23 00:00:00,,,
2026-03-18,16:00,27,CVW0317,ROLL DIES(REWORK),5/8-18UNJF(AR210014A)R.H(L=100),1,2026-03-24 00:00:00,,,
2026-03-18,16:00,27,CVW0315,ROLL DIE(REWORK),1/2-20UNJF(AR200072B(R.H)(L=100),1,2026-03-19 00:00:00,,,
2026-03-18,16:00,27,CVW0313,ROLL DIES(REWORK),3/8-24UNJF(AR200040C)R.H(L=80),1,2026-03-20 00:00:00,,,
2026-03-18,16:00,27,CVW0316,ROLL DIES(REWORK),1/2-20UNJF(AR210070)R.H,1,2026-03-25 00:00:00,,,
2026-03-19,9:30,25,CVW0366,INSERT,45T1(N331.1A-115008H-ML-RT1),39,2026-03-19 00:00:00,,,
2026-03-19,13:10,31,CVV8602,COLLET(A),4691-03-0013A,1,2026-03-20 00:00:00,,,
2026-03-20,10:00,37,CVV3054, LEFT GUIDE,G371-02-0020,1,2026-03-20 00:00:00,,,
2026-03-20,10:00,06,CVW1628,FORMING BIT(REWORK),N-19-005,14,2026-03-20 00:00:00,,,
2026-03-20,10:00,06,CVW1629,FORMING BIT(REWORK),N-19-301,5,2026-03-21 00:00:00,,,
2026-03-20,10:00,06,CVW1630,FORMING BIT(REWORK),N-19-818,7,2026-03-21 00:00:00,,,
2026-03-20,10:00,06,CVW1631,FORMING BIT(REWORK),N-19-820,5,2026-03-21 00:00:00,,,
2026-03-20,10:00,06,CVW1632,FORMING BIT(REWORK),N-19-824,6,2026-03-20 00:00:00,,,
2026-03-20,10:00,06,CVW1633,FORMING BIT(REWORK),N-19-830,5,2026-03-21 00:00:00,,,
2026-03-20,10:00,06,CVW1634,FORMING BIT(REWORK),N-19-978,6,2026-03-21 00:00:00,,,
2026-03-20,10:00,06,CVW1635,FORMING BIT(REWORK),N-19-1044,5,2026-03-21 00:00:00,,,
2026-03-20,10:00,06,CVW1636,FORMING BIT(REWORK),N-19-1060,7,2026-03-21 00:00:00,,,
2026-03-20,10:00,06,CVW1637,FORMING BIT(REWORK),N-19-516,6,2026-03-21 00:00:00,,,
2026-03-20,10:00,06,CVW1638,FORMING BIT(REWORK),N-19-547,6,2026-03-21 00:00:00,,,
2026-03-20,10:00,06,CVW1639,FORMING BIT(REWORK),N-19-548,6,2026-03-20 00:00:00,,,
2026-03-20,10:00,06,CVW1640,FORMING BIT(REWORK),N-19-549,8,2026-03-20 00:00:00,,,
2026-03-20,10:00,06,CVW1641,FORMING BIT(REWORK),N-19-574,10,2026-03-21 00:00:00,,,
2026-03-20,10:00,06,CVW1642,FORMING BIT(REWORK),N-19-502,11,2026-03-20 00:00:00,,,
2026-03-20,10:00,06,CVW1643,FORMING BIT(REWORK),N-19-1022,32,2026-03-21 00:00:00,,,
2026-03-20,10:00,06,CVW1645,CUT OFF BIT(REWORK),A-05-N111(REV.F),190,2026-03-21 00:00:00,,,
2026-03-20,14:00,34,CVW0783,GUIDE PIN,4571-03-2062(REV.B),5,2026-03-20 00:00:00,"OK=2,NG=3",,
2026-03-20,17:00,29,CVV7417,LOADING FINGER,772.5.004-244 (REV.BE),1,2026-03-23 00:00:00,,,
2026-03-20,17:00,29,CVV7442,LOADING FINGER,772.5.004-137 (REV.BE),1,2026-03-23 00:00:00,,,
2026-03-20,17:00,29,CVV7455,UPPER GUIDE & STOP,772.5.001-005 (REV.CB),1,2026-03-24 00:00:00,,,
2026-03-20,17:00,29,CVV7458,LOADING FINGER,772.5.004-100 (REV.BE),1,2026-03-23 00:00:00,,,
2026-03-20,17:00,25,CVV9041,HYDRA GRIP,4516-01-0717,10,2026-03-23 00:00:00,,,
2026-03-20,17:00,08,CVV9058,BACKING PLATE,4853-01-0034 (REV.NC),1,2026-03-24 00:00:00,,,
2026-03-21,10:00,30,CVW0380,PRESSURE ROTOR,4559-17-1004(REV.D),1,2026-03-21 00:00:00,,,
2026-03-21,11:00,01,CVW0100,BASE,FJ-4955-816-201,1,2026-03-24 00:00:00,,,
2026-03-21,15:30,39,CVW0421,STAKING PUNCH(REWORK),4591-01-0086,2,2026-03-24 00:00:00,,,
2026-03-21,15:30,26,CVV9931,SHIM,4651-25-0018,2,2026-03-23 00:00:00,,,
2026-03-23,12:00,04,CVW0467,JAW FOR XL150 CHUCK,FJ-4084-312-201(555303)DIA.8.84,2,2026-03-24 00:00:00,,,
2026-03-23,12:00,04,CVW0468,JAW FOR XL150 CHUCK,FJ-4084-312-201(555157)DIA.13.44,3,2026-03-24 00:00:00,,,
2026-03-23,12:00,04,CVW0469,JAW FOR XL150 CHUCK,FJ-4084-312-201(555122)DIA.7.92,4,2026-03-24 00:00:00,,,
2026-03-23,15:00,25,CVW0376,BODY CLAMP,G251-01-0005,3,2026-03-24 00:00:00,,,
2026-03-23,15:00,25,CVW0377,BODY CLAMP,G251-01-0006,3,2026-03-24 00:00:00,,,
2026-03-23,15:00,37,CVW0968,CONCENTRICITY MEASURING,9901-09-0009D,1,2026-03-24 00:00:00,,,
2026-03-23,15:00,18,CVV9964,SHANK HOLDER,4649-03-0141,1,2026-03-25 00:00:00,,,
2026-03-23,15:00,18,CVV9965,SHANK HOLDER,4649-03-0160,1,2026-03-24 00:00:00,,,
2026-03-23,15:00,18,CVV9966,SHANK HOLDER,4649-03-0168,1,2026-03-25 00:00:00,,,
2026-03-24,08:00,06,CVV3833,RECESS BIT,C-19-147,10,2026-03-26 00:00:00,,,
2026-03-24,08:00,06,CVV5220,RECESS BIT,C-19-147,10,2026-03-26 00:00:00,,,
2026-03-24,08:00,06,CVV8299,FORMING BIT,N-19-578,20,2026-03-26 00:00:00,,,
2026-03-24,08:00,06,CVV9422,FORMING BIT,N-19-850,10,2026-03-26 00:00:00,,,
2026-03-24,13:30,26,CVV9860,BODY HOLDER,4651-12-0168,1,2026-03-26 00:00:00,,,
2026-03-24,15:30,26,CVV9884,CONNECTING SHAFT,4651-19-0004-05,1,2026-03-26 00:00:00,,,
2026-03-25,09:00,26,CVV9137,BODY HOLDER(NEW TYPE),4651-20-0205,1,2026-03-25 00:00:00,,,
2026-03-25,12:00,06,CVW2123,FORMING BIT(REWORK),N-19-005,6,2026-03-26 00:00:00,,,
2026-03-25,12:00,06,CVW2124,FORMING BIT(REWORK),N-19-817,6,2026-03-26 00:00:00,,,
2026-03-25,12:00,06,CVW2125,FORMING BIT(REWORK),N-19-978,8,2026-03-26 00:00:00,,,
2026-03-25,12:00,06,CVW2126,FORMING BIT(REWORK),N-19-1053,9,2026-03-26 00:00:00,,,
2026-03-25,12:00,06,CVW2127,FORMING BIT(REWORK),N-19-509,9,2026-03-26 00:00:00,,,
2026-03-25,12:00,06,CVW2128,FORMING BIT(REWORK),N-19-514,6,2026-03-26 00:00:00,,,
2026-03-25,12:00,06,CVW2129,FORMING BIT(REWORK),N-19-574,5,2026-03-26 00:00:00,,,
2026-03-25,12:00,06,CVW2130,FORMING BIT(REWORK),N-19-547,5,2026-03-26 00:00:00,,,
2026-03-25,12:00,06,CVW2131,CUT OFF BIT(REWORK),A-05-N111(REV.F),120,2026-03-26 00:00:00,,,
2026-03-25,12:00,06,CVW2132,FRONT CHAMFER BIT(REWORK),D-19-013,6,2026-03-26 00:00:00,,,
2026-03-25,12:00,06,CVW2133,FRONT CHAMFER BIT(REWORK),D-19-021,6,2026-03-26 00:00:00,,,
2026-03-25,12:00,06,CVW2134,FRONT CHAMFER(REWORK),D-19-022,9,2026-03-26 00:00:00,,,
2026-03-25,12:00,06,CVW2135,RECESS BIT(REWORK),C-19-147,12,2026-03-26 00:00:00,,,
2026-03-25,12:00,06,CVW2136,RECESS BIT(REWORK),C-19-146,16,2026-03-26 00:00:00,,,
2026-03-25,12:00,06,CVW2137,BACK CHAMFER BIT(REWORK),C-19-144,7,2026-03-26 00:00:00,,,
2026-03-25,12:10,19,CVW0934,BASE(5),4519-012-302,2,2026-03-26 00:00:00,,,
2026-03-27,13:20,27,CVW1647,ROLL DIES(REWORK),5/16-24UNJF(AR200056B)R.H,1,2026-03-27 00:00:00,,,
2026-04-01,12:00,25,-,CUTTER(REWORK),"B003/90-1,2",1,2026-04-01 00:00:00,,,
2026-04-01,12:00,31,CVW0057,COLLET,4691-03-0021(REV.A),1,2026-04-02 00:00:00,,,
2026-04-01,12:00,24,CVW0362,GRIPPER CONV(L),ROD-TN-0076-1,1,2026-04-02 00:00:00,,,
2026-04-01,12:00,24,CVW0363,GRIPPER CONV(R),ROD-TN-0076-2,1,2026-04-02 00:00:00,,,
2026-04-01,12:00,34,CVW0783,GUIDE PIN,4571-03-2062(REV.B),3,2026-04-01 00:00:00,,,
2026-04-01,12:00,34,CVW0822,DIE PIN,4571-02-2071(REV.A),4,2026-04-03 00:00:00,REJECT = 4 PCS,,
2026-04-01,12:00,04,CVW1258,JAW(SS-L1),3069-311-201C,2,2026-04-01 00:00:00,,,
2026-04-01,12:00,04,CVW1259,JAW(SS-R1),3069-311-202C,2,2026-04-02 00:00:00,,,
2026-04-01,12:00,29,CVV7414,UPPER GUIDE & STOP,772.5.001-091 (REV.CB),1,2026-04-08 00:00:00,,,
2026-04-01,12:00,29,CVV7415,GUIDE  UPPER LEFT,772.5.002-091 (REV.BS),1,2026-04-08 00:00:00,,,
2026-04-01,12:00,29,CVV7439,UPPER GUIDE & STOP,772.5.001-079 (REV.CB),1,2026-04-08 00:00:00,,,
2026-04-01,12:00,29,CVV7440,GUIDE  UPPER LEFT,772.5.002-079 (REV.BS),1,2026-04-08 00:00:00,,,
2026-04-01,12:00,29,CVV7456,GUIDE  UPPER LEFT,772.5.002-005 (REV.BS),1,2026-04-08 00:00:00,,,
2026-04-01,12:00,29,CVW1764,S/U PLUG,772.5.056-13(REV.B),1,2026-04-02 00:00:00,,,
2026-04-01,12:00,29,CVW1765,S/U PLUG,772.5.056-14(REV.B),1,2026-04-02 00:00:00,,,
2026-04-01,12:00,21,CVW2686,CHUCK JAW,4894-01-0107,2,2026-04-01 00:00:00,,,
2026-04-01,12:00,29,CVW2147,WORK DRIVER BODY,4664-15-0013,4,2026-04-01 00:00:00,,,
2026-04-01,12:00,29,CVW2149,WORK DRIVER BODY,4664-15-0015,3,2026-04-01 00:00:00,,,
2026-04-01,12:00,29,CVW2153,WORK DRIVER BODY,4664-15-0018,2,2026-04-01 00:00:00,,,
2026-04-01,12:00,29,CVW2156,WORK DRIVER BODY,4664-15-0024,2,2026-04-01 00:00:00,,,
2026-04-01,12:00,29,CVW2158,WORK DRIVER BODY,4664-15-0009 D,2,2026-04-01 00:00:00,,,
2026-04-01,12:00,29,CVW2159,WORK DRIVER BODY,4664-15-0010,2,2026-04-01 00:00:00,,,
2026-04-01,15:00,10,CVV9695,ROLL DIE,3/8-24UNJF(142.0*40 RR-S GM),1,2026-04-06 00:00:00,,,
2026-04-01,15:00,18,CVV7156,GUIDE PIN FOR FINISH ID,4682-10-0022-03C,1,2026-04-02 00:00:00,,,
2026-04-01,15:00,10,CVV9695,ROLL DIE,3/8-24UNJF(142.0*40 RR-S GM),1,2026-04-03 00:00:00,,,
2026-04-01,17:00,30,CVV9133,GRINDING WHEEL,4559-39-3015 DIA.4.5*10*4 (6),10,2026-04-03 00:00:00,,,
2026-04-02,10:00,19,CVV8990,INSERT(REWORK),F-51-464 (FB15),26,2026-04-03 00:00:00,,,
2026-04-02,10:00,06,CVW0601,TIP BREAKER,S-05-113A,10,2026-04-03 00:00:00,,,
2026-04-02,10:00,25,CVW0367,INSERT,45T3(N331.1A-115008H-ML-RT3),84,2026-04-03 00:00:00,,,
2026-04-02,12:00,34,CVW0295,SWAGE DIE,4571-01-1142(REV.D),4,2026-04-03 00:00:00,,,
2026-04-02,12:00,10,CVW1617,FILLET ROLL(REWORK),F840248(3PCS/SET),6,2026-04-08 00:00:00,,,
2026-04-02,15:00,41,CVW0724,CARRIER(F),4029-03-0011,1,2026-04-03 00:00:00,REJECT ,,
2026-04-02,15:00,41,CVW0725,CARRIER(R),4029-02-0011,1,2026-04-03 00:00:00,,,
2026-04-02,15:00,34,CVV9182,GUIDE PIN,4571-03-1028(REV.C),2,2026-04-03 00:00:00,,,
2026-04-03,09:00,26,CVV6812,INSERT,Q-68-001,30,2026-04-06 00:00:00,,,
2026-04-03,09:00,06,CVV8298,FORMING BIT,N-19-301,5,2026-04-06 00:00:00,,,
2026-04-03,09:00,06,CVW2926,FORMING BIT(REWORK),N-19-005,11,2026-04-06 00:00:00,,,
2026-04-03,09:00,06,CVW2927,FORMING BIT(REWORK),N-19-817,6,2026-04-06 00:00:00,,,
2026-04-03,09:00,06,CVW2928,FORMING BIT(REWORK),N-19-819,5,2026-04-06 00:00:00,,,
2026-04-03,09:00,06,CVW2929,FORMING BIT(REWORK),N-19-824,7,2026-04-06 00:00:00,,,
2026-04-03,09:00,06,CVW2930,FORMING BIT(REWORK),N-19-980,5,2026-04-06 00:00:00,,,
2026-04-03,09:00,06,CVW2931,FORMING BIT(REWORK),N-19-1067,7,2026-04-06 00:00:00,,,
2026-04-03,09:00,06,CVW2932,FORMING BIT(REWORK),N-19-514,11,2026-04-06 00:00:00,,,
2026-04-03,09:00,06,CVW2934,FORMING BIT(REWORK),N-19-551,5,2026-04-06 00:00:00,,,
2026-04-03,09:00,06,CVW2935,FORMING BIT(REWORK),N-19-574,6,2026-04-06 00:00:00,,,
2026-04-03,09:00,06,CVW2936,FORMING BIT(REWORK),N-19-578,7,2026-04-06 00:00:00,,,
2026-04-03,09:00,06,CVW2937,CUT OFF BIT(REWORK),A-05-N111(REV.F),120,2026-04-06 00:00:00,,,
2026-04-03,09:00,06,CVW2938,BACK CHAMFER(REWORK),C-19-125,6,2026-04-06 00:00:00,,,
2026-04-03,09:00,06,CVW2939,BACK CHAMFER(REWORK),C-19-120,5,2026-04-06 00:00:00,,,
2026-04-03,09:00,06,CVW2940,RECESS BIT(REWORK),C-19-146,5,2026-04-06 00:00:00,,,
2026-04-03,13:00,03,IV25604,BOLT DIE,F160063C,3,2026-04-06 00:00:00,,,
2026-04-03,18:00,29,CVV7634,ADAPTER DRIVER,772.5.025-036 (REV.BB),1,2026-04-06 00:00:00,,,
2026-04-03,18:00,29,CVV7305,ADAPTER DRIVER,772.5.025-029 (REV.BB),1,2026-04-06 00:00:00,,,
2026-04-03,16:00,27,CVW1646,ROLL DIES(REWORK),5/16-24UNJF(AR200056B)R.H,1,2026-04-03 00:00:00,,,
2026-04-03,16:00,27,CVW1648,ROLL DIES(REWORK),5/16-24UNJF(AR200056B)R.H,1,2026-04-03 00:00:00,,,
2026-04-03,18:00,06,CVW0098,STOCK STOP FOR STOPPER BASE,7666-01-0004A,10,2026-04-06 00:00:00,,,
2026-04-06,9:30,34,CVV8519,DIE PIN,4571-02-1578(REV.B),4,,,,
2026-04-06,9:30,34,CVW0787,GUIDE PIN,4571-03-1221(REV.A),5,2026-04-08 00:00:00,,,
2026-04-06,9:30,10,CVW1051,ROBOT CHUCK,FT1-750365,2,2026-04-08 00:00:00,,,
2026-04-06,9:30,10,CVW1052,ROBOT CHUCK,FT1-750366,2,2026-04-08 00:00:00,,,
2026-04-06,9:30,10,CVW1049,ROBOT CHUCK,FT1-750363,3,2026-04-08 00:00:00,,,
2026-04-06,9:30,34,CVW0788,GUIDE PIN,4571-03-1256(REV.NC),5,2026-04-08 00:00:00,,,
2026-04-06,9:30,39,CVW0979,GUIDE PIN,4571-03-1027C,2,2026-04-08 00:00:00,,,
2026-04-06,9:30,34,CVW0782,GUIDE PIN,4571-03-3001(REV.D),5,2026-04-08 00:00:00,,,
2026-04-06,9:30,25,CVW0931,BODY HOLDER (LOWER SIDE),4009-01-0116,1,,,,
2026-04-06,9:30,10,CVW1050,ROBOT CHUCK,FT1-750364,3,2026-04-08 00:00:00,,,
2026-04-06,9:30,34,CVV9180,DIE PIN,4571-02-1275,3,,,,
2026-04-06,9:30,06,CVV9448,BORING BIT,M-69-102,10,2026-04-08 00:00:00,,,
2026-04-06,9:30,06,CVV3831,FRONT CHAMFER BIT,D-19-022(REV.C),10,2026-04-08 00:00:00,,,
2026-04-06,12:00,35,CVW1865,STAY MOUNTING PLATE,7597-01-0031(REV.A),2,2026-04-08 00:00:00,,,
2026-04-06,12:00,35,CVW1868,SPRING HOOK,7597-01-0026(REV.A),4,,,,
2026-04-06,12:00,35,CVW1869,PART FEEDER STAY,G351-02-0013(REV.NC),4,2026-04-08 00:00:00,,,
2026-04-06,16:40,13,CVV9974,FEELER(43),G132-01-0026(REV.NC)(2PCS/SET),5,2026-04-08 00:00:00,,,
2026-04-06,16:40,13,CVV9975,FEELER,G132-01-0033(REV.NC)(2PCS/SET),3,2026-04-08 00:00:00,,,
2026-04-06,16:40,13,CVV9976,FEELER(25),G132-03-0003(REV.NC)(2PCS/SET),5,2026-04-08 00:00:00,,,
2026-04-06,16:40,13,CVW1140,FEELER,G132-03-0001(REV.NC)(2PCS/SET),5,2026-04-08 00:00:00,"OK=3,NG=2",,
2026-04-06,16:40,13,CVW1142,FEELER(43),G132-01-0026(REV.NC)(2PCS/SET),5,2026-04-08 00:00:00,,,
2026-04-06,16:40,13,CVW1202,FEELER,G132-03-0412(REV.NC)(2PCS/SET),5,2026-04-08 00:00:00,,,
2026-04-07,10:00,36,CVV4448,LOWER ROLLER,7606-01-0152A,1,2026-04-08 00:00:00,,,
2026-04-07,10:00,26,CVV9913,SHIM,4651-25-0002,2,,,,
2026-04-07,10:00,26,CVV9914,SHIM,4651-25-0003,2,2026-04-08 00:00:00,,,
2026-04-07,10:00,34,CVW0296,DIE PIN,4571-02-1267(REV.A),3,,,,
2026-04-07,10:00,26,CVV9912,SHIM,4651-25-0001,2,,,,
2026-04-07,10:00,26,CVV9922,SHIM,4651-25-0011,2,,,,
2026-04-07,10:00,26,CVV9923,SHIM,4651-25-0012,2,2026-04-08 00:00:00,,,
2026-04-07,10:00,26,CVV9920,SHIM,4651-25-0009,2,2026-04-08 00:00:00,,,
2026-04-07,10:00,39,CVW1621,STAKING PUNCH(REWORK),4591-01-0076,2,,,,
2026-04-07,10:00,39,CVW1620,STAKING PUNCH(REWORK),4591-01-0008,2,,,,
2026-04-07,15:00,06,CVW0577,POS.6 FORMING HOLDER,7666-10-0096A,1,,,,
2026-04-07,15:00,13,CVW1162,GROOVE RECIPRO,INNER 209 (3 PCS/SET),2,,,,
2026-04-08,12:00,01,CVW2958,WASHER,4895-10-0028-03,2,,,,
