sheet	block	row	pno	pname	mach	tool	dwg	rev	std	note	grey
M-BODY	1	7	0091	BLANK HEAD※Male screw おねじ		BODY COLLET	4007-04			MAZAK QTN200, JIG：Shank MAX+0.02	0
M-BODY	1	8	0311	MILL	OKK	HYDRA GRIP	4516-01-		RE33034	THAI use insert R0.8，1.5，2.3，2.5，3.0，3.3，4.0，5.0(see note1)＆45° ⏎ Hard material (15-5PH・17-4PH・PH13-8Mo) only(see note2) ⏎ Note1：If the drawing specifies an R-value outside of this range,use KINMEI. ⏎ Note2：For soft materials （4340・4130・8620・carburizing cres or etc）,use KINMEI, ⏎ because using HYDRA will cause scratches and indentations. ⏎ If cutting length exceeds 50 mm, pay attention to the interference between cutter shaft and work tip.	0
M-BODY	1	9	0311	MILL	KINMEI	BODY HOLDER (LOWER SIDE)	4009-01-		RE33036	For Soft materials (not PH materials) & special R body,use KINMEI, ⏎ Check the set status with 4012-01-0001-99(see note). ⏎ Note：4012-01-0001-99 is for OKK, so it's slightly different from KINMEI, but it can be confirmed. ⏎ CLAMP PIECE Hard Material：4009-02-XXXX (material：S45C) ⏎ Soft Material：4009-05-XXXX (material：C1100)	0
M-BODY	1	10	0311	MILL	KINMEI	CLAMP PIECE	4009-02-				0
M-BODY	1	11	0311	MILL	KINMEI		4009-05-				0
M-BODY	1	12	0101	ROUGH FINISH ID		BODY HOLDER (NEW TYPE)	4651-20-		RE33033	・OD MAX 55 ・JIG A=OD MAX	0
M-BODY	1	13	0101	ROUGH FINISH ID		BODY HOLDER	4651-12-		RE33024	・OD MAX 68 ・JIG A=OD MAX ⏎ ・OLD TYPE (Used when there is no new type)	0
M-BODY	1	14	0101	ROUGH FINISH ID		CLAMP PLATE	4651-13-				0
M-BODY	1	15	0351 ⏎ 0041	FINISH ID ⏎ CHAMFER		BODY HOLDER(NEW TYPE)	4651-20		RE33033	・OD MAX 55 ・JIG A=OD MAX	0
M-BODY	1	16	0351 ⏎ 0041	FINISH ID ⏎ CHAMFER		BODY HOLDER	4651-12-		RE33024	・OD MAX 68 ・JIG A=OD MAX ⏎ ・OLD TYPE (Used when there is no new type)	0
M-BODY	1	17	0351 ⏎ 0041	FINISH ID ⏎ CHAMFER		CLAMP PLATE	4651-13-				0
M-BODY	1	18	0451	RECESS ⏎ (ID)		INSERT	Q-51-			NMF-	0
M-BODY	1	19	0451	RECESS ⏎ (ID)		INSERT	Q-51-			NMF-	0
M-BODY	1	20	0451	RECESS ⏎ (ID)		HOLDER	MXC-				0
M-BODY	1	21	0451	RECESS ⏎ (ID)		HOLDER	MXC-				0
M-BODY	1	22	1121 ⏎ 1061	⏎ ID SPH GRIND ⏎ ID GRIND	KN-113A	BACKING PLATE	4853-01-				0
M-BODY	1	23	1121 ⏎ 1061	⏎ ID SPH GRIND ⏎ ID GRIND	KN-113A	JAW	4853-06-				0
M-BODY	1	24	1121 ⏎ 1061	⏎ ID SPH GRIND ⏎ ID GRIND	KN-113A	GAUGE	4853-07-				0
M-BODY	1	25	1121 ⏎ 1061	⏎ ID SPH GRIND ⏎ ID GRIND	KN-113A	QUILL	4853-05-			Selection not required,Confirmation to RECIPRO member	1
M-BODY	1	26	1121 ⏎ 1061	⏎ ID SPH GRIND ⏎ ID GRIND	KN-113A	WHEEL	4853-14-			Selection not required,Confirmation to RECIPRO member	1
M-BODY	1	27	1121 ⏎ 1061	⏎ ID SPH GRIND ⏎ ID GRIND	KN-113A	ROTARY DREESER	4800-42-			DDxxxx	0
M-BODY	1	28	0411	LUBE FIT HOLE		ASSY	4693-05-			・ASSY inform THAI	0
M-BODY	1	29	0411	LUBE FIT HOLE		ARBOR	4693-05-				0
M-BODY	1	30	0411	LUBE FIT HOLE		BLOCK	4693-05-				0
M-BODY	1	31	0411	LUBE FIT HOLE		COLLAR	4693-05-				0
M-BODY	1	32	0411	LUBE FIT HOLE		SPACER	4693-05-				0
M-BODY	1	33	1841	THREAD ROLL		THREAD DICE	4800-57				0
M-BODY	1	34	1841	KNURING		KNURING DICE	4800-57-				0
M-BODY	1	35	1851	MILL KEYWAY		KEYWAY CUTTER	X-52				0
M-BODY	1	36	3521	DRY FILM ⏎ (ID)		MASKING TOOL ASSY	4800-43-				0
M-BODY	1	37	3521	DRY FILM ⏎ (ID)		MASKING BASE(1)	4800-43-				0
M-BODY	1	38	3521	DRY FILM ⏎ (ID)		MASKING BASE(2)	4800-43-				0
M-BODY	1	39	3521	DRY FILM ⏎ (ID)		PLATE	4800-43-				0
F-BODY	6	185	0091	BLANK HEAD		SHANK HOLDER	4649-03-		RE33025	※Female screw めねじ	0
F-BODY	6	186	0091	BLANK HEAD		CHUCK JAW	4007-01-				1
F-BODY	6	187	0311	MILL		BODY HOLDER(LOWER SIDE)	4009-01-		RE33036	KINMEI Confirm：4012-01-0001-99 ⏎ CLAMP PIECE Hard Material：4009-02-XXXX (material：S45C) ⏎ Soft Material：4009-05-XXXX (material：C1100)	0
F-BODY	6	188	0311	MILL		CLAMP PIECE	4009-02-				0
F-BODY	6	189	0311	MILL			4009-05-				0
F-BODY	6	190	0351 ⏎ 0041 ⏎ 0191	FINISH ID ⏎ CHAMFER ⏎ ID SPH TURN		BODY HOLDER(NEW TYPE)	4651-20-		RE33033	・OD MAX 55 ・JIG A=OD MAX	0
F-BODY	6	191	0351 ⏎ 0041 ⏎ 0191	FINISH ID ⏎ CHAMFER ⏎ ID SPH TURN		BODY HOLDER	4651-12-		RE33024	・OD MAX 68 ・JIG A=OD MAX ⏎ ・OLD TYPE (Used when there is no new type)	0
F-BODY	6	192	0351 ⏎ 0041 ⏎ 0191	FINISH ID ⏎ CHAMFER ⏎ ID SPH TURN		CLAMP PLATE	4651-13-				0
F-BODY	6	193	0451	RECESS		INSERT	Q-51-			京セラ図番：	0
F-BODY	6	194	0451	RECESS		INSERT	Q-51-			京セラ図番：	0
F-BODY	6	195	0451	RECESS		HOLDER	MXC-				0
F-BODY	6	196	0451	RECESS		HOLDER	MXC-				0
F-BODY	6	197	1121 ⏎ 1061	⏎ ID SPH GRIND ⏎ ID GRIND	KN-113A	BACKING PLATE	4853-01-				0
F-BODY	6	198	1121 ⏎ 1061	⏎ ID SPH GRIND ⏎ ID GRIND	KN-113A	JAW	4853-06-				0
F-BODY	6	199	1121 ⏎ 1061	⏎ ID SPH GRIND ⏎ ID GRIND	KN-113A	GAUGE	4853-07-				0
F-BODY	6	200	1121 ⏎ 1061	⏎ ID SPH GRIND ⏎ ID GRIND	KN-113A	QUILL	4853-05-			Selection not required,Confirmation to RECIPRO member	1
F-BODY	6	201	1121 ⏎ 1061	⏎ ID SPH GRIND ⏎ ID GRIND	KN-113A	WHEEL	4853-14-			Selection not required,Confirmation to RECIPRO member	1
F-BODY	6	202	1121 ⏎ 1061	⏎ ID SPH GRIND ⏎ ID GRIND	KN-113A	ROTARY DREESER	4800-42-			DDxxxx	0
F-BODY	6	203	0151 ⏎ 1811 ⏎ 0321	DRILL TAP HOLE ⏎ TAP ⏎ WRENCH FLAT MILL		V BLOCK(Triple)	4863-01-				0
F-BODY	6	204	0151 ⏎ 1811 ⏎ 0321	DRILL TAP HOLE ⏎ TAP ⏎ WRENCH FLAT MILL		CENTER PIN	4863-02-				0
F-BODY	6	205	1851	MILL KEYWAY		KEYWAY CUTTER	X-52-				0
F-BODY	6	206	0331	DRILL INSPECT HOLE		V BLOCK(Triple)	4863-01-				0
F-BODY	6	207	0331	DRILL INSPECT HOLE		CENTER PIN	4863-02-				0
F-BODY	6	208	0331	DRILL INSPECT HOLE		BASE PLATE	4001-01-	N/C		KITAMURA HX400iα	0
F-BODY	6	209	0331	DRILL INSPECT HOLE		PLATE	4001-01-				0
F-BODY	6	210	0431	THRU HOLE		V BLOCK(Triple)	4863-01-				0
F-BODY	6	211	0431	THRU HOLE		CENTER PIN	4863-02-				0
F-BODY	6	212	0411	LUBE FIT HOLE		ASSY	4693-05-				0
F-BODY	6	213	0411	LUBE FIT HOLE		ARBOR	4693-05-				0
F-BODY	6	214	0411	LUBE FIT HOLE		BLOCK	4693-05-				0
F-BODY	6	215	0411	LUBE FIT HOLE		COLLAR	4693-05-				0
F-BODY	6	216	0411	LUBE FIT HOLE		SPACER	4693-05-				0
F-BODY	6	217	3521	DRY FILM ⏎ ※ID		MASKING TOOL ASSY	4800-43-				0
F-BODY	6	218	3521	DRY FILM ⏎ ※ID		MASKING BASE(1)	4800-43-				0
F-BODY	6	219	3521	DRY FILM ⏎ ※ID		MASKING BASE(2)	4800-43-				0
F-BODY	6	220	3521	DRY FILM ⏎ ※ID		PLATE	4800-43-				0
ABR BODY	4	113	0091	BLANK ⏎ HEAD	※Male screw おねじ	BODY COLLET	4007-04-			MAZAK QTN200, JIG：Shank MAX+0.02	0
ABR BODY	4	114	0091	BLANK ⏎ HEAD	※Female screw めねじ	SHANK HOLDER	4649-03-		RE33025		0
ABR BODY	4	115	0311	MILL	OKK	HYDRA GRIP	4516-01-		RE33034	THAI use insert R0.8，1.5，2.3，2.5，3.0，3.3，4.0，5.0(see note1)＆45° ⏎ Hard material (15-5PH・17-4PH・PH13-8Mo) only(see note2) ⏎ Note1：If the drawing specifies an R-value outside of this range,use KINMEI. ⏎ Note2：For soft materials （4340・4130・8620・carburizing cres or etc）,use KINMEI, ⏎ because using HYDRA will cause scratches and indentations. ⏎ If cutting length exceeds 50 mm, pay attention to the interference between cutter shaft and work tip.	0
ABR BODY	4	116	0311	MILL	KINMEI	BODY HOLDER (LOWER SIDE)	4009-01-		RE33036	For Soft materials (not PH materials) & special R body,use KINMEI, ⏎ Check the set status with 4012-01-0001-99(see note). ⏎ Note：4012-01-0001-99 is for OKK, so it's slightly different from KINMEI, but it can be confirmed. ⏎ CLAMP PIECE Hard Material：4009-02-XXXX (material：S45C) ⏎ Soft Material：4009-05-XXXX (material：C1100)	0
ABR BODY	4	117	0311	MILL	KINMEI	CLAMP PIECE	4009-02-				0
ABR BODY	4	118	0311	MILL	KINMEI		4009-05-				0
ABR BODY	4	119	1841	THREAD ROLL		Thread dies	4800-57-				0
ABR BODY	4	120	1851	MILL KEYWAY		KEYWAY CUTTER	X-52-				0
ABR BODY	4	121	0351	FINISH ID		BODY HOLDER (NEW TYPE)	4651-20-		RE33033	・OD MAX 55 ・JIG A=OD MAX	0
ABR BODY	4	122	0351	FINISH ID		BODY HOLDER	4651-12-		RE33024	・OD MAX 68 ・JIG A=OD MAX ⏎ ・OLD TYPE (Used when there is no new type)	0
ABR BODY	4	123	0351	FINISH ID		CLAMP PLATE	4651-13-				0
ABR BODY	4	124	0451	RECESS		INSERT	Q-			京セラ図番：	0
ABR BODY	4	125	0451	RECESS		INSERT	Q-			京セラ図番：	0
ABR BODY	4	126	0451	RECESS		HOLDER	MXC-				0
ABR BODY	4	127	0451	RECESS		HOLDER	MXC-				0
ABR BODY	4	128	0191	ID SPH TURN		BODY HOLDER(NEW TYPE)	4651-20-		RE33033	・OD MAX 55 ・JIG A=OD MAX	0
ABR BODY	4	129	0191	ID SPH TURN		BODY HOLDER	4651-12-		RE33024	・OD MAX 68 ・JIG A=OD MAX ⏎ ・OLD TYPE (Used when there is no new type)	0
ABR BODY	4	130	0191	ID SPH TURN		CLAMP PLATE	4651-13-				0
ABR BODY	4	131	1121 ⏎ 1061	⏎ ID SPH GRIND ⏎ ID GRIND	KN-113A	BACKING PLATE	4853-01-				0
ABR BODY	4	132	1121 ⏎ 1061	⏎ ID SPH GRIND ⏎ ID GRIND	KN-113A	JAW	4853-06-				0
ABR BODY	4	133	1121 ⏎ 1061	⏎ ID SPH GRIND ⏎ ID GRIND	KN-113A	GAUGE	4853-07-				0
ABR BODY	4	134	1121 ⏎ 1061	⏎ ID SPH GRIND ⏎ ID GRIND	KN-113A	QUILL	4853-05-			Selection not required,Confirmation to RECIPRO member	1
ABR BODY	4	135	1121 ⏎ 1061	⏎ ID SPH GRIND ⏎ ID GRIND	KN-113A	WHEEL	4853-14-			Selection not required,Confirmation to RECIPRO member	1
ABR BODY	4	136	1121 ⏎ 1061	⏎ ID SPH GRIND ⏎ ID GRIND	KN-113A	ROTARY DREESER	4800-42-			DDxxxx	0
ROLLER BODY	1	7	0091	BLANK HEAD※Male screw おねじ		BODY COLLET	4007-04-			MAZAK QTN200, JIG：Shank MAX+0.02	0
ROLLER BODY	1	8	0311	MILL	OKK	HYDRA GRIP	4516-01-		RE33034	THAI use insert R0.8，1.5，2.3，2.5，3.0，3.3，4.0，5.0(see note1)＆45° ⏎ Hard material (15-5PH・17-4PH・PH13-8Mo) only(see note2) ⏎ Note1：If the drawing specifies an R-value outside of this range,use KINMEI. ⏎ Note2：For soft materials （4340・4130・8620・carburizing cres or etc）,use KINMEI, ⏎ because using HYDRA will cause scratches and indentations. ⏎ If cutting length exceeds 50 mm, pay attention to the interference between cutter shaft and work tip.	0
ROLLER BODY	1	9	0311	MILL	KINMEI	BODY HOLDER (LOWER SIDE)	4009-01-		RE33036	For Soft materials (not PH materials) & special R body,use KINMEI, ⏎ Check the set status with 4012-01-0001-99(see note). ⏎ Note：4012-01-0001-99 is for OKK, so it's slightly different from KINMEI, but it can be confirmed. ⏎ CLAMP PIECE Hard Material：4009-02-XXXX (material：S45C) ⏎ Soft Material：4009-05-XXXX (material：C1100)	0
ROLLER BODY	1	10	0311	MILL	KINMEI	CLAMP PIECE	4009-02-				0
ROLLER BODY	1	11	0311	MILL	KINMEI		4009-05-				0
ROLLER BODY	1	12	0101	ROUGH FINISH ID		BODY HOLDER (NEW TYPE)	4651-20-		RE33033	・OD MAX 55 ・JIG A=OD MAX	0
ROLLER BODY	1	13	0101	ROUGH FINISH ID		BODY HOLDER	4651-12-		RE33024	・OD MAX 68 ・JIG A=OD MAX ⏎ ・OLD TYPE (Used when there is no new type)	0
ROLLER BODY	1	14	0101	ROUGH FINISH ID		CLAMP PLATE	4651-13-				0
ROLLER BODY	1	15	0451	RECESS ⏎ (ID)		INSERT	Q-51-			京セラ図番：	0
ROLLER BODY	1	16	0451	RECESS ⏎ (ID)		INSERT	Q-51-			京セラ図番：	0
ROLLER BODY	1	17	0451	RECESS ⏎ (ID)		HOLDER	MXC-				0
ROLLER BODY	1	18	0451	RECESS ⏎ (ID)		HOLDER	MXC-				0
ROLLER BODY	1	19	0411	LUBE FIT HOLE		ASSY	4693-05-			・ASSY inform THAI	0
ROLLER BODY	1	20	0411	LUBE FIT HOLE		ARBOR	4693-05-				0
ROLLER BODY	1	21	0411	LUBE FIT HOLE		BLOCK	4693-05-				0
ROLLER BODY	1	22	0411	LUBE FIT HOLE		COLLAR	4693-05-				0
ROLLER BODY	1	23	0411	LUBE FIT HOLE		SPACER	4693-05-				0
ROLLER BODY	1	24	1841	THREAD ROLL		THREAD DICE	4800-57				0
ROLLER BODY	1	25	1841	KNURING		KNURING DICE	4800-57-				0
ROLLER BODY	1	26	1851	MILL KEYWAY		KEYWAY CUTTER	X-52				0
ROLLER BODY	1	27	0351 ⏎ 0041	FINISH ID ⏎ CHAMFER		BODY HOLDER(NEW TYPE)	4651-20		RE33033	・OD MAX 55 ・JIG A=OD MAX	0
ROLLER BODY	1	28	0351 ⏎ 0041	FINISH ID ⏎ CHAMFER		BODY HOLDER	4651-12-		RE33024	・OD MAX 68 ・JIG A=OD MAX ⏎ ・OLD TYPE (Used when there is no new type)	0
ROLLER BODY	1	29	0351 ⏎ 0041	FINISH ID ⏎ CHAMFER		CLAMP PLATE	4651-13-				0
ROLLER BODY	1	30	3521	DRY FILM ⏎ (ID)		MASKING TOOL ASSY	4800-43-				0
ROLLER BODY	1	31	3521	DRY FILM ⏎ (ID)		MASKING BASE(1)	4800-43-				0
ROLLER BODY	1	32	3521	DRY FILM ⏎ (ID)		MASKING BASE(2)	4800-43-				0
ROLLER BODY	1	33	3521	DRY FILM ⏎ (ID)		PLATE	4800-43-				0
ROLLER BODY	1	34	1061	ID GRIND	GI-20N	BODY HOLDER(ENW TYPE)	4651-20-				0
ROLLER BODY	1	35	1061	ID GRIND	GI-20N	BODY HOLDER	4652-12				0
ROLLER BODY	1	36	1061	ID GRIND	GI-20N	CLAMP PLATE	4652-13-				0
ROLLER BODY	1	37	1061	ID GRIND	GI-20N	GUIDE PIN	4652-10-				0
ROLLER BODY	1	38	1061	ID GRIND	KS-B100	CLAMPER	4924-01-				0
ROLLER BODY	1	39	1061	ID GRIND	KS-B100	STOPPER	4924-02-				0
ROLLER BODY	1	40	1061	ID GRIND	KS-B100	CENTERING JIG	4924-03-				0
ROLLER BODY	1	41	1061	ID GRIND	KS-B100	CHUCK FINGER	4924-04				0
レシプロボディ	1	7	0611	NC CONTOUR		BODY HOLDER	4651-12-		BD		0
レシプロボディ	1	8	0611	NC CONTOUR		CLAMP PLATE	4651-13-		PE		0
レシプロボディ	1	9	0111	SHANK TURNING	NK20	JAW(A)	4667-10-				0
レシプロボディ	1	10	0111	SHANK TURNING	NK20	JAW(B)	4667-10-				0
レシプロボディ	1	11	0111	SHANK TURNING	NK20	CLAMP PLATE	4651-13-				0
レシプロボディ	1	12	1111	SHANK GRIND	MA-3CN	COLLET CHUCK	4815-02-				0
レシプロボディ	1	13	1111	SHANK GRIND	MA-3CN	PUSSHER	4815-05-				0
レシプロボディ	1	14	1111	SHANK GRIND	MA-3CN	HOLDER	4815-06-				0
レシプロボディ	1	15	1111	SHANK GRIND	MA-3CN	HOLDER(2)	4815-10-				0
レシプロボディ	1	16	1161	GROOVE GRIND	KN-113A改造 ⏎ (3つ爪チャック)	JAW	4671-03-				0
レシプロボディ	1	17	1161	GROOVE GRIND	KN-113A改造 ⏎ (3つ爪チャック)	BACKING PLATE	4671-05-				0
レシプロボディ	1	18	1161	GROOVE GRIND	KN-113A改造 ⏎ (3つ爪チャック)	GAUGE	4853-07-				0
レシプロボディ	1	19	1161	GROOVE GRIND	KN-113A ⏎ (2つ爪チャック)	BACKING PLATE	4853-01-				0
レシプロボディ	1	20	1161	GROOVE GRIND	KN-113A ⏎ (2つ爪チャック)	LOADER JAW	4853-03-				0
レシプロボディ	1	21	1161	GROOVE GRIND	KN-113A ⏎ (2つ爪チャック)	QUILL	4853-05-				0
レシプロボディ	1	22	1161	GROOVE GRIND	KN-113A ⏎ (2つ爪チャック)	JAW(A)	4853-06-				0
レシプロボディ	1	23	1161	GROOVE GRIND	KN-113A ⏎ (2つ爪チャック)	JAW(B)	4853-06-				0
レシプロボディ	1	24	1161	GROOVE GRIND	KN-113A ⏎ (2つ爪チャック)	GAUGE	4853-07-				0
レシプロボディ	1	25	1161	GROOVE GRIND	KN-113A ⏎ (2つ爪チャック)	COLLAR	4853-10-				0
レシプロボディ	1	26	1161	GROOVE GRIND	KN-113A ⏎ (2つ爪チャック)	SHAFT	4853-11-				0
レシプロボディ	1	27	8012	COMPONENT INSPECT(2)		RING GAUGE (GO)	9901-22-				0
レシプロボディ	1	28	8012	COMPONENT INSPECT(2)		RING GAUGE (NO GO)	9901-22-				0
RACE	1	7	2511	TEFLON BONDING		BONDING ARBOR	BA			Select：Engineering	0
RACE	1	8	2561	TRIM		COLLET	4030-01- ⏎			If the model name has "H", select it. ⏎ 型式にHがつく場合選定する	0
RACE	1	9	2561	TRIM			4030-02-				0
RACE2	1	7	0081	TURNING		INSERT	Q-51-			NMF-	0
RACE2	1	8	0081	TURNING		INSERT	Q-51-			NMF-	0
RACE2	1	10	1021	FACE GRIND	SEIBU	CARRIER	4556-01-			Under W7mm：SEIBU・HAMAI Both select	0
RACE2	1	11	1021	FACE GRIND	SEIBU	CHUTE COVER	4866-14-				0
RACE2	1	12	1021	FACE GRIND	HAMAI	CARRIER	4564-03-				0
RACE2	1	13	1011	OD GRIND ⏎ (FINISH OD)	OC-16A	RACE PUSHER	4560-18-				0
RACE2	1	14	1011	OD GRIND ⏎ (FINISH OD)	OC-16A	SET PIN	4560-21-				0
RACE2	1	15	1061	ID GRIND	KS-B80	JAW	4021-01-		RE33041	Φ15.875≦ID	0
RACE2	1	16	1061	ID GRIND	KS-B80	BACK PLATE	4021-02-				0
RACE2	1	17	1061	ID GRIND	KS-B80	QUILL	4021-03-			Check in process	1
RACE2	1	18	1061	ID GRIND	KS-B80	QUILL BOLT	4021-04-				1
RACE2	1	19	1061	ID GRIND	KS-B80	WHEEL	4021-05-				1
RACE2	1	20	1061	ID GRIND	KS-B22G	JAW	4027-01-		RE33042	ID≦φ15.875	0
RACE2	1	21	1061	ID GRIND	KS-B22G	BACK PLATE	4027-02-				0
RACE2	1	22	1181	NC GRIND	KN-113A	BACKING PLATE	4853-01-				0
RACE2	1	23	1181	NC GRIND	KN-113A	JAW	4853-06-				0
RACE2	1	24	1181	NC GRIND	KN-113A	GAUGE	4853-07-				0
RACE2	1	25	1181	NC GRIND	KN-113A	QUILL	4853-05-			No selection required,Confirmation to RECIPRO member	1
RACE2	1	26	1181	NC GRIND	KN-113A	WHEEL	4853-14-			No selection required,Confirmation to RECIPRO member	1
RACE2	1	27	1181	NC GRIND	KN-113A	ROTARY DREESER	4800-42-			DDxxxx	0
RACE2	1	28	1081	SUPER FINISH	TECH ONE	CHUCK JAW	4656-06-				0
RACE2	1	29	1081	SUPER FINISH	TECH ONE	QUILL	4656-10-0001				0
RACE2	1	30	0041	CHAMFER	MS-50-A	COLLET CHUCK	4541-11-			2017.2.24 No selection required	1
RACE2	1	31	0041	CHAMFER	MS-50-A	PUSHER	4541-12-				1
SLEEVE	1	7	2511	TEFLON BONDING		BONDING ARBOR	BA			Select：Engineering	0
SLEEVE	1	8	2511	TEFLON BONDING		BONDING ARBOR	BA				0
SLEEVE	1	9	2511	TEFLON BONDING		(BONDING PLATE)	(4800-38-			P/N：”F”=Select ※OLD DWG	1
SLEEVE	1	10	2511	TEFLON BONDING		TFE BONDING PLATE	4800-66-			P/N：”F”=Select	0
SLEEVE	1	11	2511	TEFLON BONDING		GUIDE RING EOR ⏎ TFE BONDING	4800-38-			P/N：”F”＆”H”=Select	0
SLEEVE	1	12	2561	TRIM(1)		COLLET	4030-01- ⏎ 4030-02-			P/N：”H”=Select	0
SLEEVE	1	13	2562	TRIM(2)		COLLET	4030-02-			P/N：”H”=Select	0
SLEEVE	1	15	3491	OD GRIND		RACE PUSHER	4560-18-			P/N：Not”F”=Select	0
SLEEVE	1	16	3491	OD GRIND		SET PIN	4560-21-				0
SLEEVE	1	17	3491	OD GRIND		COLLAR	4560-11-			※Select tooling if there is a possibility of falling and Thai needs it. ⏎ ⇒Confirmation to process	0
SLEEVE	1	18	3491	OD GRIND		PIN	4560-04-				0
SLEEVE	1	19	3491	L/MARKING		PALLET	4918-02-				0
SLEEVE IDG	2	24	1061 ⏎ 0351	ID GRIND ⏎ FINISH ID	KS-B80	JAW	4021-01-		RE33041	Φ15.875≦ID	0
SLEEVE IDG	2	25	1061 ⏎ 0351	ID GRIND ⏎ FINISH ID	KS-B80	BACK PLATE	4021-02-				0
SLEEVE IDG	2	26	1061 ⏎ 0351	ID GRIND ⏎ FINISH ID	KS-B80	QUILL	4021-03-			Check in process	1
SLEEVE IDG	2	27	1061 ⏎ 0351	ID GRIND ⏎ FINISH ID	KS-B80	QUILL BOLT	4021-04-				1
SLEEVE IDG	2	28	1061 ⏎ 0351	ID GRIND ⏎ FINISH ID	KS-B80	WHEEL	4021-05-				1
SLEEVE IDG	2	29	1061 ⏎ 0351	ID GRIND ⏎ FINISH ID	KS-B22G	JAW	4027-01-		RE33042	ID≦φ15.875	0
SLEEVE IDG	2	30	1061 ⏎ 0351	ID GRIND ⏎ FINISH ID	KS-B22G	BACK PLATE	4027-02-				0
SLEEVE IDG	2	31	1011 ⏎ 0401	OD GRIND ⏎ FINISH OD	OMIYA	RACE PUSHER	4560-18-			P/N：Not”F”=Select	0
SLEEVE IDG	2	32	1011 ⏎ 0401	OD GRIND ⏎ FINISH OD	OMIYA	SET PIN	4560-21-				0
SLEEVE IDG	2	33	1011 ⏎ 0401	OD GRIND ⏎ FINISH OD	OMIYA	COLLAR	4560-10- ⏎ 4560-11-			※There is a possibility of falling=Select ⏎ ⇒Confirmation to process	0
SLEEVE IDG	2	34	1011 ⏎ 0401	OD GRIND ⏎ FINISH OD	OMIYA	PIN	4560-04-				0
BOEING SLEEVE	1	7	2511	TEFLON BONDING ⏎ ※2,3		BA					0
BOEING SLEEVE	1	8	2511	TEFLON BONDING ⏎ ※2,3		BA					0
BOEING SLEEVE	1	9	2511	TEFLON BONDING ⏎ ※2,3		(4800-38-			型式にFがつく場合選定する	EXCEL	0
BOEING SLEEVE	1	10	2511	TEFLON BONDING ⏎ ※2,3		4800-66-			型式にFがつく場合選定する		0
BOEING SLEEVE	1	11	2511	TEFLON BONDING ⏎ ※2,3		4800-38-			型式にHとFがつく場合選定する		0
BOEING SLEEVE	1	12	2561	TRIM		4030-01- ⏎ 4030-02-			型式にHがつく場合選定する	EXCEL	0
BOEING SLEEVE	1	14	1011	OD GRIND		4560-18-			型式にFがつかない場合選定する	EXCEL	0
BOEING SLEEVE	1	15	1011	OD GRIND		4560-21-			型式にFがつかない場合選定する		0
BOEING SLEEVE	1	17	3091	MARKING		00-			1) サイズ≧#08且つ、長さコード≧050 ⏎ 2) 全サイズ長さコード≧100	-	0
BALL(1)	1	8	1021	FACE GRIND	SEIBU	CARRIER	4556-01-		Under W7mm：SEIBU・HAMAI Both select ⏎ Balled inner ：Only Hamai selected.		0
BALL(1)	1	9	1021	FACE GRIND	SEIBU	CHUTE COVER	4866-14-				0
BALL(1)	1	10	1021	FACE GRIND	HAMAI	CARRIER	4564-03-				0
BALL(1)	1	11	1041	SPHERICAL ⏎ GRIND	KS400 ⏎ B1～B2 ⏎ (OD≦φ32MAX )	WORK DRIVER	4664-01-		Select from existing products as much as possible	RE33037	0
BALL(1)	1	12	1041	SPHERICAL ⏎ GRIND	KS400 ⏎ B1～B2 ⏎ (OD≦φ32MAX )	LOADING CHUTE	4664-02-				0
BALL(1)	1	13	1041	SPHERICAL ⏎ GRIND	KS400 ⏎ B1～B2 ⏎ (OD≦φ32MAX )	SUPPORT BLOCK	4664-03-				0
BALL(1)	1	14	1041	SPHERICAL ⏎ GRIND	KS400 ⏎ B1～B2 ⏎ (OD≦φ32MAX )	PLUG（A)	4664-06-		FIRST CHECK. PLUG(B)		0
BALL(1)	1	15	1041	SPHERICAL ⏎ GRIND	KS400 ⏎ B1～B2 ⏎ (OD≦φ32MAX )	PLUG（B)	4664-07-				0
BALL(1)	1	16	1041	SPHERICAL ⏎ GRIND	KS400 ⏎ B1～B2 ⏎ (OD≦φ32MAX )	PLUG（A)	4664-21-				0
BALL(1)	1	17	1041	SPHERICAL ⏎ GRIND	KS400 ⏎ B1～B2 ⏎ (OD≦φ32MAX )	PLUG（B)	4664-22-				0
BALL(1)	1	18	1061	ID GRIND	BRYANT ⏎ (ID≦φ15.875MAX)	FRONT PLATE	4559-01-		・"A"Φ＿＿＿ TYPE＿＿＿ ・Select from existing products as much as possible.	RE33038	0
BALL(1)	1	19	1061	ID GRIND	BRYANT ⏎ (ID≦φ15.875MAX)	CHUTE COVER	4559-04-		SAME FLONT PLATE TYPE＿＿		0
BALL(1)	1	20	1061	ID GRIND	BRYANT ⏎ (ID≦φ15.875MAX)	ROLLER SHOE ASSY	4559-05-		Usually not selected.2017/04/03		0
BALL(1)	1	21	1061	ID GRIND	BRYANT ⏎ (ID≦φ15.875MAX)	ROLLER SHOE	(4559-05-				0
BALL(1)	1	22	1061	ID GRIND	BRYANT ⏎ (ID≦φ15.875MAX)	SHAFT	(4559-08-				0
BALL(1)	1	23	1061	ID GRIND	BRYANT ⏎ (ID≦φ15.875MAX)	ROLLER	(4559-08-				0
BALL(1)	1	24	1061	ID GRIND	BRYANT ⏎ (ID≦φ15.875MAX)	COMPAX SHOE	4559-40-		Standard		0
BALL(1)	1	25	1061	ID GRIND	BRYANT ⏎ (ID≦φ15.875MAX)	LOADER	4559-06-		Usually not selected.2017/04/03		0
BALL(1)	1	26	1061	ID GRIND	BRYANT ⏎ (ID≦φ15.875MAX)	LOADER	4559-41-		Standard		0
BALL(1)	1	27	1061	ID GRIND	BRYANT ⏎ (ID≦φ15.875MAX)	PRESSURE ROTOR	4559-17-		・TYPE＿＿＿ ・Select from existing products as much as possible.		0
BALL(1)	1	28	1061	ID GRIND	BRYANT ⏎ (ID≦φ15.875MAX)	PLUG GAUGE	4559-18-		SAME SETTING GAUGEとTYPE＿＿＿		0
BALL(1)	1	29	1061	ID GRIND	BRYANT ⏎ (ID≦φ15.875MAX)	SETTING GAUGE	4559-19-		SAME PRESSURE ROTOR TYPE＿＿＿		0
BALL(1)	1	30	1061	ID GRIND	BRYANT ⏎ (ID≦φ15.875MAX)	MASTER RING GAUGE	4559-20-		ID＿＿＿ SAME FRONT PLATE "A"		0
BALL(1)	1	31	1061	ID GRIND	KS-B22G ⏎ (ID≦φ15.875MAX)	JAW	4027-01-			RE33042	0
BALL(1)	1	32	1061	ID GRIND	KS-B22G ⏎ (ID≦φ15.875MAX)	BACK PLATE	4027-02-				0
BALL(1)	1	33	1241	SUPER FINISH	KS-H70	FINISH WHEEL SIZE			・WA or CRYSTAL ・SIZE ID＿＿＿＿ OD＿＿＿＿＿		0
BALL(1)	1	34	1241	SUPER FINISH	KS-H70	GRINDSTONE BASE	4691-04-		・WA or CRYSTAL ・SIZE ID＿＿＿＿ OD＿＿＿＿＿		1
BALL(1)	1	35	1241	SUPER FINISH	KS-H70	ROUGH WHEEL SIZE	4691-20-		・#800 ・SIZE ID＿＿＿＿ OD＿＿＿＿＿		0
BALL(1)	1	36	1241	SUPER FINISH	KS-H70	STONE HOLDER	4691-01-		・ROUGH/FINISH=2pcs ・SIZE ID＿＿＿＿ OD＿＿＿＿＿		0
BALL(1)	1	37	1241	SUPER FINISH	KS-H70	COLLET（A）	4691-03-		ID＜Φ12.7		0
BALL(1)	1	38	1241	SUPER FINISH	KS-H70	COLLET ADAPTER	4691-10-		ID＜Φ12.7		0
BALL(1)	1	39	1241	SUPER FINISH	KS-H70	COLLET	4691-19-		Φ12.7≦ID＜Φ41.7 AC7XXXX (TEIKOKU CHUCK)		0
BALL(1)	1	40	1241	SUPER FINISH	KS-H70	COLLET BODY	4691-18-		Φ12.7≦ID＜Φ41.7 AC-8XXX (TEIKOKU CHUCK)		0
BALL(1)	1	41	1241	SUPER FINISH	KS-H70	STOPPER	4691-02-		Φ12.7≦ID＜Φ41.7		0
BALL(1)	1	42	1241	SUPER FINISH	KS-H70	END BLOCK	4907-01-		Φ20＜OD≦Φ40, 14＜W＜26, ⏎ If these conditions cannot be satisfied...Automatic supply not possible		0
BALL(1)	1	43	1241	SUPER FINISH	KS-H70	FINGER CHUCK	4907-03-				0
BALL(2)	1	8	1021	FACE GRIND	SEIBU	CARRIER	4556-01-				0
BALL(2)	1	9	1021	FACE GRIND	SEIBU	CHUTE COVER	4866-14-				0
BALL(2)	1	10	1021	FACE GRIND	HAMAI	CARRIER	4564-03-				0
BALL(2)	1	11	1041	SPHERICAL ⏎ GRIND	KS400 ⏎ B1～B2 ⏎ (OD≦φ32MAX )	WORK DRIVER	4664-01-		Select from existing products as much as possible	RE33037	0
BALL(2)	1	12	1041	SPHERICAL ⏎ GRIND	KS400 ⏎ B1～B2 ⏎ (OD≦φ32MAX )	LOADING CHUTE	4664-02-				0
BALL(2)	1	13	1041	SPHERICAL ⏎ GRIND	KS400 ⏎ B1～B2 ⏎ (OD≦φ32MAX )	SUPPORT BLOCK	4664-03-				0
BALL(2)	1	14	1041	SPHERICAL ⏎ GRIND	KS400 ⏎ B1～B2 ⏎ (OD≦φ32MAX )	PLUG（A)	4664-06-		FIRST CHECK. PLUG(B)		0
BALL(2)	1	15	1041	SPHERICAL ⏎ GRIND	KS400 ⏎ B1～B2 ⏎ (OD≦φ32MAX )	PLUG（B)	4664-07-				0
BALL(2)	1	16	1041	SPHERICAL ⏎ GRIND	KS400 ⏎ B1～B2 ⏎ (OD≦φ32MAX )	PLUG（A)	4664-21-				0
BALL(2)	1	17	1041	SPHERICAL ⏎ GRIND	KS400 ⏎ B1～B2 ⏎ (OD≦φ32MAX )	PLUG（B)	4664-22-				0
BALL(2)	1	18	1061	ID GRIND	KS-B22G ⏎ (ID≦φ15.875MAX)	JAW	4027-01-			RE33042	0
BALL(2)	1	19	1061	ID GRIND	KS-B22G ⏎ (ID≦φ15.875MAX)	BACK PLATE	4027-02-				0
BALL(2)	1	20	1061	ID GRIND	KS-B80 ⏎ (φ15.875≦ID＜Φ54)	JAW	4021-01-			RE33041	0
BALL(2)	1	21	1061	ID GRIND	KS-B80 ⏎ (φ15.875≦ID＜Φ54)	BACK PLATE	4021-02-				0
BALL(2)	1	22	1061	ID GRIND	KS-B80 ⏎ (φ15.875≦ID＜Φ54)	QUILL	4021-03-		CHECK ONLY		0
BALL(2)	1	23	1061	ID GRIND	KS-B80 ⏎ (φ15.875≦ID＜Φ54)	QUILL BOLT	4021-04-				0
BALL(2)	1	24	1061	ID GRIND	KS-B80 ⏎ (φ15.875≦ID＜Φ54)	WHEEL	4021-05-				0
BALL(2)	1	25	1241	SUPER FINISH	KS-H70	FINISH WHEEL SIZE			・WA or CRYSTAL ・SIZE ID＿＿＿＿ OD＿＿＿＿＿		0
BALL(2)	1	26	1241	SUPER FINISH	KS-H70	GRINDSTONE BASE	4691-04-		・WA or CRYSTAL ・SIZE ID＿＿＿＿ OD＿＿＿＿＿		1
BALL(2)	1	27	1241	SUPER FINISH	KS-H70	ROUGH WHEEL SIZE	4691-20-		・#800 ・SIZE ID＿＿＿＿ OD＿＿＿＿＿		0
BALL(2)	1	28	1241	SUPER FINISH	KS-H70	STONE HOLDER	4691-01-		・ROUGH/FINISH=2pcs ・SIZE ID＿＿＿＿ OD＿＿＿＿＿		0
BALL(2)	1	29	1241	SUPER FINISH	KS-H70	COLLET（A）	4691-03-		ID＜Φ12.7		0
BALL(2)	1	30	1241	SUPER FINISH	KS-H70	COLLET ADAPTER	4691-10-		ID＜Φ12.7		0
BALL(2)	1	31	1241	SUPER FINISH	KS-H70	COLLET	4691-19-		Φ12.7≦ID＜Φ41.7 AC7XXXX (TEIKOKU CHUCK)		0
BALL(2)	1	32	1241	SUPER FINISH	KS-H70	COLLET BODY	4691-18-		Φ12.7≦ID＜Φ41.7 AC-8XXX (TEIKOKU CHUCK)		0
BALL(2)	1	33	1241	SUPER FINISH	KS-H70	STOPPER	4691-02-		Φ12.7≦ID＜Φ41.7		0
BALL(2)	1	34	1241	SUPER FINISH	KS-H70	END BLOCK	4907-01-		Φ20＜OD≦Φ40, 14＜W＜26, ⏎ If these conditions cannot be satisfied...Automatic supply not possible		0
BALL(2)	1	35	1241	SUPER FINISH	KS-H70	FINGER CHUCK	4907-03-				0
BALL(3)	1	8	1021	FACE GRIND	SEIBU	CARRIER	4556-01-				0
BALL(3)	1	9	1021	FACE GRIND	SEIBU	CHUTE COVER	4866-14-				0
BALL(3)	1	10	1021	FACE GRIND	HAMAI	CARRIER	4564-03-				0
BALL(3)	1	11	1041	SPHERICAL ⏎ GRIND	KS400 ⏎ B1～B2 ⏎ (OD≦φ32MAX)	WORK DRIVER	4664-01-		Select from existing products as much as possible	RE33037	0
BALL(3)	1	12	1041	SPHERICAL ⏎ GRIND	KS400 ⏎ B1～B2 ⏎ (OD≦φ32MAX)	LOADING CHUTE	4664-02-				0
BALL(3)	1	13	1041	SPHERICAL ⏎ GRIND	KS400 ⏎ B1～B2 ⏎ (OD≦φ32MAX)	SUPPORT BLOCK	4664-03-				0
BALL(3)	1	14	1041	SPHERICAL ⏎ GRIND	KS400 ⏎ B1～B2 ⏎ (OD≦φ32MAX)	PLUG（A)	4664-06-		FIRST CHECK. PLUG(B)		0
BALL(3)	1	15	1041	SPHERICAL ⏎ GRIND	KS400 ⏎ B1～B2 ⏎ (OD≦φ32MAX)	PLUG（B)	4664-07-				0
BALL(3)	1	16	1041	SPHERICAL ⏎ GRIND	KS400 ⏎ B1～B2 ⏎ (OD≦φ32MAX)	PLUG（A)	4664-21-				0
BALL(3)	1	17	1041	SPHERICAL ⏎ GRIND	KS400 ⏎ B1～B2 ⏎ (OD≦φ32MAX)	PLUG（B)	4664-22-				0
BALL(3)	1	18	1041	SPHERICAL ⏎ GRIND	KS-400B5 ⏎ (OD≦φ35MAX)	WORK CLAMP	4906-01-				0
BALL(3)	1	19	1041	SPHERICAL ⏎ GRIND	KS-400B5 ⏎ (OD≦φ35MAX)	SHAFT	4906-02-				0
BALL(3)	1	20	1041	SPHERICAL ⏎ GRIND	KS-400B5 ⏎ (OD≦φ35MAX)	WORK CHUTE	4906-03-				0
BALL(3)	1	21	1041	SPHERICAL ⏎ GRIND	KS-400B5 ⏎ (OD≦φ35MAX)	WORK LOADER	4906-04-				0
BALL(3)	1	22	1041	SPHERICAL ⏎ GRIND	KS-400B5 ⏎ (OD≦φ35MAX)	WORK CHUCK	4906-05-				0
BALL(3)	1	23	1041	SPHERICAL ⏎ GRIND	KS-400B5 ⏎ (OD≦φ35MAX)	WORK HOLDER	4906-06-				0
BALL(3)	1	24	1041	SPHERICAL ⏎ GRIND	KS-400B5 ⏎ (OD≦φ35MAX)	CHUCK JAW	4906-08-				0
BALL(3)	1	25	1041	SPHERICAL ⏎ GRIND	KS-400B5 ⏎ (OD≦φ35MAX)	WORK CHUTE GUIDE	4906-09- ⏎ 4906-15-				0
BALL(3)	1	26	1041	SPHERICAL ⏎ GRIND	KS-400B5 ⏎ (OD≦φ35MAX)	STOPPER	4906-11-				0
BALL(3)	1	27	1041	SPHERICAL ⏎ GRIND	KS-400B5 ⏎ (OD≦φ35MAX)	MASTER RING FOR JAW	4906-12-				0
BALL(3)	1	28	1041	SPHERICAL ⏎ GRIND	KS-400B5 ⏎ (OD≦φ35MAX)	ROTARY DRESSER	4800-42-				0
BALL(3)	1	29	1041	SPHERICAL ⏎ GRIND	KS-500RD ⏎ （Φ27≦OD＜Φ51)	WORK DRIVER	4033-01-				0
BALL(3)	1	30	1041	SPHERICAL ⏎ GRIND	KS-500RD ⏎ （Φ27≦OD＜Φ51)	PINTLE	4033-02-				0
BALL(3)	1	31	1041	SPHERICAL ⏎ GRIND	KS-500RD ⏎ （Φ27≦OD＜Φ51)	FRONT SHOE	4033-03-				0
BALL(3)	1	32	1061	ID GRIND	BRYANT ⏎ (ID≦φ15.875MAX)	FRONT PLATE	4559-01-		・"A"Φ＿＿＿ TYPE＿＿＿ ・Select from existing products as much as possible.	RE33038	0
BALL(3)	1	33	1061	ID GRIND	BRYANT ⏎ (ID≦φ15.875MAX)	CHUTE COVER	4559-04-		SAME FLONT PLATE TYPE＿＿		0
BALL(3)	1	34	1061	ID GRIND	BRYANT ⏎ (ID≦φ15.875MAX)	ROLLER SHOE ASSY	4559-05-		Usually not selected.2017/04/03		0
BALL(3)	1	35	1061	ID GRIND	BRYANT ⏎ (ID≦φ15.875MAX)	ROLLER SHOE	(4559-05-				0
BALL(3)	1	36	1061	ID GRIND	BRYANT ⏎ (ID≦φ15.875MAX)	SHAFT	(4559-08-				0
BALL(3)	1	37	1061	ID GRIND	BRYANT ⏎ (ID≦φ15.875MAX)	ROLLER	(4559-08-				0
BALL(3)	1	38	1061	ID GRIND	BRYANT ⏎ (ID≦φ15.875MAX)	COMPAX SHOE	4559-40-		Standard		0
BALL(3)	1	39	1061	ID GRIND	BRYANT ⏎ (ID≦φ15.875MAX)	LOADER	4559-06-		Usually not selected.2017/04/03		0
BALL(3)	1	40	1061	ID GRIND	BRYANT ⏎ (ID≦φ15.875MAX)	LOADER	4559-41-		Standard		0
BALL(3)	1	41	1061	ID GRIND	BRYANT ⏎ (ID≦φ15.875MAX)	PRESSURE ROTOR	4559-17-		・TYPE＿＿＿ ・Select from existing products as much as possible.		0
BALL(3)	1	42	1061	ID GRIND	BRYANT ⏎ (ID≦φ15.875MAX)	PLUG GAUGE	4559-18-		SAME SETTING GAUGEとTYPE＿＿＿		0
BALL(3)	1	43	1061	ID GRIND	BRYANT ⏎ (ID≦φ15.875MAX)	SETTING GAUGE	4559-19-		SAME PRESSURE ROTOR TYPE＿＿＿		0
BALL(3)	1	44	1061	ID GRIND	KS-B22G ⏎ (ID≦φ15.875MAX)	JAW	4027-01-			RE33042	0
BALL(3)	1	45	1061	ID GRIND	KS-B22G ⏎ (ID≦φ15.875MAX)	BACK PLATE	4027-02-				0
BALL(3)	1	46	1061	ID GRIND	KS-B80 ⏎ (φ15.875≦ID＜Φ54)	JAW	4021-01-			RE33041	0
BALL(3)	1	47	1061	ID GRIND	KS-B80 ⏎ (φ15.875≦ID＜Φ54)	BACK PLATE	4021-02-				0
BALL(3)	1	48	1061	ID GRIND	KS-B80 ⏎ (φ15.875≦ID＜Φ54)	QUILL	4021-03-		CHECK ONLY		0
BALL(3)	1	49	1061	ID GRIND	KS-B80 ⏎ (φ15.875≦ID＜Φ54)	QUILL BOLT	4021-04-				0
BALL(3)	1	50	1061	ID GRIND	KS-B80 ⏎ (φ15.875≦ID＜Φ54)	WHEEL	4021-05-				0
BALL(3)	1	51	1081	SUPER FINISH	KS-H70	FINISH WHEEL SIZE			・WA or CRYSTAL ・SIZE ID＿＿＿＿ OD＿＿＿＿＿		0
BALL(3)	1	52	1081	SUPER FINISH	KS-H70	GRINDSTONE BASE	4691-04-		・WA or CRYSTAL ・SIZE ID＿＿＿＿ OD＿＿＿＿＿		1
BALL(3)	1	53	1081	SUPER FINISH	KS-H70	ROUGH WHEEL SIZE	4691-20-		・#800 ・SIZE ID＿＿＿＿ OD＿＿＿＿＿		0
BALL(3)	1	54	1081	SUPER FINISH	KS-H70	STONE HOLDER	4691-01-		・ROUGH/FINISH=2pcs ・SIZE ID＿＿＿＿ OD＿＿＿＿＿		0
BALL(3)	1	55	1081	SUPER FINISH	KS-H70	COLLET（A）	4691-03-		ID＜Φ12.7		0
BALL(3)	1	56	1081	SUPER FINISH	KS-H70	COLLET ADAPTER	4691-10-		ID＜Φ12.7		0
BALL(3)	1	57	1081	SUPER FINISH	KS-H70	COLLET	4691-19-		Φ12.7≦ID＜Φ41.7 AC7XXXX (TEIKOKU CHUCK)		0
BALL(3)	1	58	1081	SUPER FINISH	KS-H70	COLLET BODY	4691-18-		Φ12.7≦ID＜Φ41.7 AC-8XXX (TEIKOKU CHUCK)		0
BALL(3)	1	59	1081	SUPER FINISH	KS-H70	STOPPER	4691-02-		Φ12.7≦ID＜Φ41.7		0
BALL(3)	1	60	1081	SUPER FINISH	KS-H70	END BLOCK	4907-01-		Φ20＜OD≦Φ40, 14＜W＜26, ⏎ If these conditions cannot be satisfied...Automatic supply not possible		0
BALL(3)	1	61	1081	SUPER FINISH	KS-H70	FINGER CHUCK	4907-03-				0
BALL(3)	1	62	1081	SUPER FINISH	RA-10	SPHERICITY MEASURING ⏎ JIG ASSY	9901-21-				0
BALL(3)	1	63	1081	SUPER FINISH	RA-10	BASE	9901-21-		UK BALL Roundness measuring jig ⏎ ONLY UK-BALL		0
BALL(3)	1	64	1081	SUPER FINISH	RA-10	PIN	9901-21-				0
BALL(4)	1	8	1021	FACE GRIND	SEIBU	CARRIER	4556-01-				0
BALL(4)	1	9	1021	FACE GRIND	SEIBU	CHUTE COVER	4866-14-				0
BALL(4)	1	10	1021	FACE GRIND	HAMAI	CARRIER	4564-03-				0
BALL(4)	1	11	1061	ID GRIND	KS-B22G ⏎ (ID≦φ15.875MAX)	JAW	4027-01-			RE33042	0
BALL(4)	1	12	1061	ID GRIND	KS-B22G ⏎ (ID≦φ15.875MAX)	BACK PLATE	4027-02-				0
BALL(4)	1	13	1061	ID GRIND	KS-B80 ⏎ (φ15.875≦ID＜Φ54)	JAW	4021-01-			RE33041	0
BALL(4)	1	14	1061	ID GRIND	KS-B80 ⏎ (φ15.875≦ID＜Φ54)	BACK PLATE	4021-02-				0
BALL(4)	1	15	1061	ID GRIND	KS-B80 ⏎ (φ15.875≦ID＜Φ54)	QUILL	4021-03-		CHECK ONLY		0
BALL(4)	1	16	1061	ID GRIND	KS-B80 ⏎ (φ15.875≦ID＜Φ54)	QUILL BOLT	4021-04-				0
BALL(4)	1	17	1061	ID GRIND	KS-B80 ⏎ (φ15.875≦ID＜Φ54)	WHEEL	4021-05-				0
BALL(4)	1	18	1041	SPHERICAL ⏎ GRIND	KN-312A	ARBOR	4828-01-			RE33032	0
BALL(4)	1	19	1041	SPHERICAL ⏎ GRIND	KN-312A	NUT	4828-02-				0
BALL(4)	1	20	1241	SUPER FINISH	KS-H70	FINISH WHEEL SIZE			・WA or CRYSTAL ・SIZE ID＿＿＿＿ OD＿＿＿＿＿		0
BALL(4)	1	21	1241	SUPER FINISH	KS-H70	GRINDSTONE BASE	4691-04-		・WA or CRYSTAL ・SIZE ID＿＿＿＿ OD＿＿＿＿＿		1
BALL(4)	1	22	1241	SUPER FINISH	KS-H70	ROUGH WHEEL SIZE	4691-20-		・#800 ・SIZE ID＿＿＿＿ OD＿＿＿＿＿		0
BALL(4)	1	23	1241	SUPER FINISH	KS-H70	STONE HOLDER	4691-01-		・ROUGH/FINISH=2pcs ・SIZE ID＿＿＿＿ OD＿＿＿＿＿		0
BALL(4)	1	24	1241	SUPER FINISH	KS-H70	COLLET（A）	4691-03-		ID＜Φ12.7		0
BALL(4)	1	25	1241	SUPER FINISH	KS-H70	COLLET ADAPTER	4691-10-		ID＜Φ12.7		0
BALL(4)	1	26	1241	SUPER FINISH	KS-H70	COLLET	4691-19-		Φ12.7≦ID＜Φ41.7 AC7XXXX (TEIKOKU CHUCK)		0
BALL(4)	1	27	1241	SUPER FINISH	KS-H70	COLLET BODY	4691-18-		Φ12.7≦ID＜Φ41.7 AC-8XXX (TEIKOKU CHUCK)		0
BALL(4)	1	28	1241	SUPER FINISH	KS-H70	STOPPER	4691-02-		Φ12.7≦ID＜Φ41.7		0
BALL(4)	1	29	1241	SUPER FINISH	KS-H70	END BLOCK	4907-01-		Φ20＜OD≦Φ40, 14＜W＜26, ⏎ If these conditions cannot be satisfied...Automatic supply not possible		0
BALL(4)	1	30	1241	SUPER FINISH	KS-H70	FINGER CHUCK	4907-03-				0
BALL(内径にTFE)	3	94	1021 ⏎ 1031	FACE GRIND ⏎ FACE LAP	SEIBU	CARRIER	4556-01-			巾7mm以下の場合： ⏎ 西部・浜井両方選定 ⏎ ボール入りインナーの場合： ⏎ 浜井のみ選定	0
BALL(内径にTFE)	3	95	1021 ⏎ 1031	FACE GRIND ⏎ FACE LAP	SEIBU	BASE PLATE	4866-10-	N/C			0
BALL(内径にTFE)	3	96	1021 ⏎ 1031	FACE GRIND ⏎ FACE LAP	SEIBU	PLATE	4866-10-	N/C			0
BALL(内径にTFE)	3	97	1021 ⏎ 1031	FACE GRIND ⏎ FACE LAP	SEIBU	CHUTE COVER	4866-14-				0
BALL(内径にTFE)	3	98	1021 ⏎ 1031	FACE GRIND ⏎ FACE LAP	HAMAI	CARRIER	4564-03-				0
BALL(内径にTFE)	3	99	1061	ID GRIND	KS-B22G	JAW	4027-01-			ID≦φ15.875	0
BALL(内径にTFE)	3	100	1061	ID GRIND	KS-B22G	BACK PLATE	4027-02-				0
BALL(内径にTFE)	3	101	1061	ID GRIND	KS-B80	JAW	4021-01-			球径：54mmMAX ⏎ 巾：14mmMIN ⏎ 内径：8.4mmMIN ⏎ ⏎ (把握能力：90mm(?)MAX)	0
BALL(内径にTFE)	3	102	1061	ID GRIND	KS-B80	BACK PLATE	4021-02-				0
BALL(内径にTFE)	3	103	1061	ID GRIND	KS-B80	QUILL	4021-03-		妥当なサイズがあるか確認する事		0
BALL(内径にTFE)	3	104	1061	ID GRIND	KS-B80	QUILL BOLT	4021-04-		妥当なサイズがあるか確認する事		0
BALL(内径にTFE)	3	105	1061	ID GRIND	KS-B80	WHEEL	4021-05-		妥当なサイズがあるか確認する事		0
BALL(内径にTFE)	3	106	1041	SPHERICAL ⏎ GRIND	KN-312A	ARBOR	4828-01-				0
BALL(内径にTFE)	3	107	1041	SPHERICAL ⏎ GRIND	KN-312A	NUT	4828-02-				0
BALL(内径にTFE)	3	108	1241	SUPER FINISH	⏎ KS H70	FINISH WHEEL SIZE			WA or CRYSTAL スペック→	サイズがあるか確認する事	0
BALL(内径にTFE)	3	109	1241	SUPER FINISH	⏎ KS H70	GRINDSTONE BASE	4691-04-		WA or CRYSTAL 砥石台		1
BALL(内径にTFE)	3	110	1241	SUPER FINISH	⏎ KS H70	ROUGH WHEEL SIZE	4691-20-		#800 スペック→		0
BALL(内径にTFE)	3	111	1241	SUPER FINISH	⏎ KS H70	STONE HOLDER	4691-01-		粗＆仕上げ 各1=計2pcs		0
BALL(内径にTFE)	3	112	1241	SUPER FINISH	⏎ KS H70	COLLET（A）	4691-03-		ID＜12.7		0
BALL(内径にTFE)	3	113	1241	SUPER FINISH	⏎ KS H70	COLLET ADAPTER	4691-10-				0
BALL(内径にTFE)	3	114	1241	SUPER FINISH	⏎ KS H70	COLLET	4691-19-		12.7≦ID＜41.7 AC7XXXX (TEIKOKU CHUCK)		0
BALL(内径にTFE)	3	115	1241	SUPER FINISH	⏎ KS H70	COLLET BODY	4691-18-		12.7≦ID＜41.7 AC-8XXX (TEIKOKU CHUCK)		0
BALL(内径にTFE)	3	116	1241	SUPER FINISH	⏎ KS H70	STOPPER	4691-02-		12.7≦ID＜41.7 段付きカラー		0
BALL(内径にTFE)	3	117	1241	SUPER FINISH	⏎ KS H70	END BLOCK	4907-01-		20＜OD≦40, 14＜W＜26, ⏎ (条件満足できない場合は自動供給不可)	自動供給 ⏎ 可 ・ 不可	0
BALL(内径にTFE)	3	118	1241	SUPER FINISH	⏎ KS H70	FINGER CHUCK	4907-03-				0
BALL(内径にTFE)	3	119	2511	TEFLON BONDING		BONDING ARBOR	BA			技術課選定	0
BALL(内径にTFE)	3	120	2511	TEFLON BONDING		BONDING ARBOR	BA			技術課選定	0
BALL(5)	1	7	1021	FACE GRIND	SEIBU	CARRIER	4556-01-				0
BALL(5)	1	8	1021	FACE GRIND	SEIBU	CHUTE COVER	4866-14-				0
BALL(5)	1	9	1021	FACE GRIND	HAMAI	CARRIER	4564-03-				0
BALL(5)	1	10	1041	SPHERICAL ⏎ GRIND	KS-400B5 ⏎ (OD≦φ35MAX)	WORK CLAMP	4906-01-				0
BALL(5)	1	11	1041	SPHERICAL ⏎ GRIND	KS-400B5 ⏎ (OD≦φ35MAX)	SHAFT	4906-02-				0
BALL(5)	1	12	1041	SPHERICAL ⏎ GRIND	KS-400B5 ⏎ (OD≦φ35MAX)	WORK CHUTE	4906-03-				0
BALL(5)	1	13	1041	SPHERICAL ⏎ GRIND	KS-400B5 ⏎ (OD≦φ35MAX)	WORK LOADER	4906-04-				0
BALL(5)	1	14	1041	SPHERICAL ⏎ GRIND	KS-400B5 ⏎ (OD≦φ35MAX)	WORK CHUCK	4906-05-				0
BALL(5)	1	15	1041	SPHERICAL ⏎ GRIND	KS-400B5 ⏎ (OD≦φ35MAX)	WORK HOLDER	4906-06-				0
BALL(5)	1	16	1041	SPHERICAL ⏎ GRIND	KS-400B5 ⏎ (OD≦φ35MAX)	CHUCK JAW	4906-08-				0
BALL(5)	1	17	1041	SPHERICAL ⏎ GRIND	KS-400B5 ⏎ (OD≦φ35MAX)	WORK CHUTE GUIDE	4906-09- ⏎ 4906-15-				0
BALL(5)	1	18	1041	SPHERICAL ⏎ GRIND	KS-400B5 ⏎ (OD≦φ35MAX)	STOPPER	4906-11-				0
BALL(5)	1	19	1041	SPHERICAL ⏎ GRIND	KS-400B5 ⏎ (OD≦φ35MAX)	MASTER RING FOR JAW	4906-12-				0
BALL(5)	1	20	1041	SPHERICAL ⏎ GRIND	KS-400B5 ⏎ (OD≦φ35MAX)	ROTARY DRESSER	4800-42-				0
BALL(5)	1	21	1061	ID GRIND	BRYANT ⏎ (ID≦φ15.875MAX)	FRONT PLATE	4559-01-		・"A"Φ＿＿＿ TYPE＿＿＿ ・Select from existing products as much as possible.	RE33038	0
BALL(5)	1	22	1061	ID GRIND	BRYANT ⏎ (ID≦φ15.875MAX)	CHUTE COVER	4559-04-		SAME FLONT PLATE TYPE＿＿		0
BALL(5)	1	23	1061	ID GRIND	BRYANT ⏎ (ID≦φ15.875MAX)	ROLLER SHOE ASSY	4559-05-		Usually not selected.2017/04/03		0
BALL(5)	1	24	1061	ID GRIND	BRYANT ⏎ (ID≦φ15.875MAX)	ROLLER SHOE	(4559-05-				0
BALL(5)	1	25	1061	ID GRIND	BRYANT ⏎ (ID≦φ15.875MAX)	SHAFT	(4559-08-				0
BALL(5)	1	26	1061	ID GRIND	BRYANT ⏎ (ID≦φ15.875MAX)	ROLLER	(4559-08-				0
BALL(5)	1	27	1061	ID GRIND	BRYANT ⏎ (ID≦φ15.875MAX)	COMPAX SHOE	4559-40-		Standard		0
BALL(5)	1	28	1061	ID GRIND	BRYANT ⏎ (ID≦φ15.875MAX)	LOADER	4559-06-		Usually not selected.2017/04/03		0
BALL(5)	1	29	1061	ID GRIND	BRYANT ⏎ (ID≦φ15.875MAX)	LOADER	4559-41-		Standard		0
BALL(5)	1	30	1061	ID GRIND	BRYANT ⏎ (ID≦φ15.875MAX)	PRESSURE ROTOR	4559-17-		・TYPE＿＿＿ ・Select from existing products as much as possible.		0
BALL(5)	1	31	1061	ID GRIND	BRYANT ⏎ (ID≦φ15.875MAX)	PLUG GAUGE	4559-18-		SAME SETTING GAUGEとTYPE＿＿＿		0
BALL(5)	1	32	1061	ID GRIND	BRYANT ⏎ (ID≦φ15.875MAX)	SETTING GAUGE	4559-19-		SAME PRESSURE ROTOR TYPE＿＿＿		0
BALL(5)	1	33	1061	ID GRIND	KS-B22G ⏎ (ID≦φ15.875MAX)	JAW	4027-01-			RE33042	0
BALL(5)	1	34	1061	ID GRIND	KS-B22G ⏎ (ID≦φ15.875MAX)	BACK PLATE	4027-02-				0
BALL(5)	1	35	1061	ID GRIND	KS-B80 ⏎ (φ15.875≦ID＜Φ54)	JAW	4021-01-			RE33041	0
BALL(5)	1	36	1061	ID GRIND	KS-B80 ⏎ (φ15.875≦ID＜Φ54)	BACK PLATE	4021-02-				0
BALL(5)	1	37	1061	ID GRIND	KS-B80 ⏎ (φ15.875≦ID＜Φ54)	QUILL	4021-03-		CHECK ONLY		0
BALL(5)	1	38	1061	ID GRIND	KS-B80 ⏎ (φ15.875≦ID＜Φ54)	QUILL BOLT	4021-04-				0
BALL(5)	1	39	1061	ID GRIND	KS-B80 ⏎ (φ15.875≦ID＜Φ54)	WHEEL	4021-05-				0
BALL(5)	1	40	1081	SUPER FINISH	KS-H70	FINISH WHEEL SIZE			・WA or CRYSTAL ・SIZE ID＿＿＿＿ OD＿＿＿＿＿		0
BALL(5)	1	41	1081	SUPER FINISH	KS-H70	GRINDSTONE BASE	4691-04-		・WA or CRYSTAL ・SIZE ID＿＿＿＿ OD＿＿＿＿＿		1
BALL(5)	1	42	1081	SUPER FINISH	KS-H70	ROUGH WHEEL SIZE	4691-20-		・#800 ・SIZE ID＿＿＿＿ OD＿＿＿＿＿		0
BALL(5)	1	43	1081	SUPER FINISH	KS-H70	STONE HOLDER	4691-01-		・ROUGH/FINISH=2pcs ・SIZE ID＿＿＿＿ OD＿＿＿＿＿		0
BALL(5)	1	44	1081	SUPER FINISH	KS-H70	COLLET（A）	4691-03-		ID＜Φ12.7		0
BALL(5)	1	45	1081	SUPER FINISH	KS-H70	COLLET ADAPTER	4691-10-		ID＜Φ12.7		0
BALL(5)	1	46	1081	SUPER FINISH	KS-H70	COLLET	4691-19-		Φ12.7≦ID＜Φ41.7 AC7XXXX (TEIKOKU CHUCK)		0
BALL(5)	1	47	1081	SUPER FINISH	KS-H70	COLLET BODY	4691-18-		Φ12.7≦ID＜Φ41.7 AC-8XXX (TEIKOKU CHUCK)		0
BALL(5)	1	48	1081	SUPER FINISH	KS-H70	STOPPER	4691-02-		Φ12.7≦ID＜Φ41.7		0
BALL(5)	1	49	1081	SUPER FINISH	KS-H70	END BLOCK	4907-01-		Φ20＜OD≦Φ40, 14＜W＜26, ⏎ If these conditions cannot be satisfied...Automatic supply not possible		0
BALL(5)	1	50	1081	SUPER FINISH	KS-H70	FINGER CHUCK	4907-03-				0
BALL(6)	1	8	1021	FACE GRIND	SEIBU	CARRIER	4556-01-				0
BALL(6)	1	9	1021	FACE GRIND	SEIBU	CHUTE COVER	4866-14-				0
BALL(6)	1	10	1021	FACE GRIND	HAMAI	CARRIER	4564-03-				0
BALL(6)	1	11	0083	TURNING(3)	LB15	SPHERE TURN ARBOR	4649-05-				0
BALL(6)	1	12	0083	TURNING(3)	LB15	SPHERE TURN NUT	4649-06-				0
BALL(6)	1	13	0083	TURNING(3)	LB15	COLLAR	4649-07-				0
BALL(6)	1	14	1061	ID GRIND	KS-B22G ⏎ (ID≦φ15.875MAX)	JAW	4027-01-			RE33042	0
BALL(6)	1	15	1061	ID GRIND	KS-B22G ⏎ (ID≦φ15.875MAX)	BACK PLATE	4027-02-				0
BALL(6)	1	16	1061	ID GRIND	KS-B80 ⏎ (φ15.875≦ID＜Φ54)	JAW	4021-01-			RE33041	0
BALL(6)	1	17	1061	ID GRIND	KS-B80 ⏎ (φ15.875≦ID＜Φ54)	BACK PLATE	4021-02-				0
BALL(6)	1	18	1061	ID GRIND	KS-B80 ⏎ (φ15.875≦ID＜Φ54)	QUILL	4021-03-		CHECK ONLY		0
BALL(6)	1	19	1061	ID GRIND	KS-B80 ⏎ (φ15.875≦ID＜Φ54)	QUILL BOLT	4021-04-				0
BALL(6)	1	20	1061	ID GRIND	KS-B80 ⏎ (φ15.875≦ID＜Φ54)	WHEEL	4021-05-				0
BALL(6)	1	21	1041	SPHERICAL ⏎ GRIND	KN-312A	ARBOR	4828-01-			RE33032	0
BALL(6)	1	22	1041	SPHERICAL ⏎ GRIND	KN-312A	NUT	4828-02-				0
BALL(6)	1	23	1241	SUPER FINISH	KS-H70	FINISH WHEEL SIZE			・WA or CRYSTAL ・SIZE ID＿＿＿＿ OD＿＿＿＿＿		0
BALL(6)	1	24	1241	SUPER FINISH	KS-H70	GRINDSTONE BASE	4691-04-		・WA or CRYSTAL ・SIZE ID＿＿＿＿ OD＿＿＿＿＿		1
BALL(6)	1	25	1241	SUPER FINISH	KS-H70	ROUGH WHEEL SIZE	4691-20-		・#800 ・SIZE ID＿＿＿＿ OD＿＿＿＿＿		0
BALL(6)	1	26	1241	SUPER FINISH	KS-H70	STONE HOLDER	4691-01-		・ROUGH/FINISH=2pcs ・SIZE ID＿＿＿＿ OD＿＿＿＿＿		0
BALL(6)	1	27	1241	SUPER FINISH	KS-H70	COLLET（A）	4691-03-		ID＜Φ12.7		0
BALL(6)	1	28	1241	SUPER FINISH	KS-H70	COLLET ADAPTER	4691-10-		ID＜Φ12.7		0
BALL(6)	1	29	1241	SUPER FINISH	KS-H70	COLLET	4691-19-		Φ12.7≦ID＜Φ41.7 AC7XXXX (TEIKOKU CHUCK)		0
BALL(6)	1	30	1241	SUPER FINISH	KS-H70	COLLET BODY	4691-18-		Φ12.7≦ID＜Φ41.7 AC-8XXX (TEIKOKU CHUCK)		0
BALL(6)	1	31	1241	SUPER FINISH	KS-H70	STOPPER	4691-02-		Φ12.7≦ID＜Φ41.7		0
BALL(6)	1	32	1241	SUPER FINISH	KS-H70	END BLOCK	4907-01-		Φ20＜OD≦Φ40, 14＜W＜26, ⏎ If these conditions cannot be satisfied...Automatic supply not possible		0
BALL(6)	1	33	1241	SUPER FINISH	KS-H70	FINGER CHUCK	4907-03-				0
INNER in BALL	1	7	1021	FACE GRIND	HAMAI	CARRIER	4564-03-			EXCEL	0
INNER in BALL	1	8	1011 ⏎ 1161	⏎ OD GRIND ⏎ GROOVE ⏎ GRIND	KS-400 ⏎ B6	DRIVER	4931-01-			EXCEL	0
INNER in BALL	1	9	1011 ⏎ 1161	⏎ OD GRIND ⏎ GROOVE ⏎ GRIND	KS-400 ⏎ B6	LOADING CHUTE	4931-02-				0
INNER in BALL	1	10	1011 ⏎ 1161	⏎ OD GRIND ⏎ GROOVE ⏎ GRIND	KS-400 ⏎ B6	PILOT PIN ASSY	4931-03- -99				0
INNER in BALL	1	11	1011 ⏎ 1161	⏎ OD GRIND ⏎ GROOVE ⏎ GRIND	KS-400 ⏎ B6	PLUG	4931-06-				0
INNER in BALL	1	12	1011 ⏎ 1161	⏎ OD GRIND ⏎ GROOVE ⏎ GRIND	KS-400 ⏎ B6	WORK GUIDE	4931-09-				0
INNER in BALL	1	13	1011 ⏎ 1161	⏎ OD GRIND ⏎ GROOVE ⏎ GRIND	KS-400 ⏎ B6	FRONT SHOE	4931-11-				0
INNER in BALL	1	14	1011 ⏎ 1161	⏎ OD GRIND ⏎ GROOVE ⏎ GRIND	KS-400 ⏎ B6	REAR SHOE	4931-12-				0
INNER in BALL	1	15	1011 ⏎ 1161	⏎ OD GRIND ⏎ GROOVE ⏎ GRIND	KS-400 ⏎ B6	WORK PUSHER	4931-14-				0
INNER in BALL	1	16	1011 ⏎ 1161	⏎ OD GRIND ⏎ GROOVE ⏎ GRIND	KS-400 ⏎ B6	STOCKER CHUTE	4664-34-				0
INNER in BALL	1	17	1011 ⏎ 1161	⏎ OD GRIND ⏎ GROOVE ⏎ GRIND	KS-400 ⏎ B6	ROTARY DRESSER	4800-42-				0
INNER in BALL	1	18	1061	ID GRIND	BRYANT	FRONT PLATE	4559-01-		内径≦φ15.875まで	EXCEL	0
INNER in BALL	1	19	1061	ID GRIND	BRYANT	CHUTE COVER	4559-04-				0
INNER in BALL	1	20	1061	ID GRIND	BRYANT	ROLLER SHOE ASSY	4559-05-				0
INNER in BALL	1	21	1061	ID GRIND	BRYANT	ROLLER SHOE	(4559-05-				0
INNER in BALL	1	22	1061	ID GRIND	BRYANT	SHAFT	(4559-08-				0
INNER in BALL	1	23	1061	ID GRIND	BRYANT	ROLLER	(4559-08-				0
INNER in BALL	1	24	1061	ID GRIND	BRYANT	COMPAX SHOE	4559-40-				0
INNER in BALL	1	25	1061	ID GRIND	BRYANT	LOADER	4559-06-				0
INNER in BALL	1	26	1061	ID GRIND	BRYANT	LOADER	4559-41-				0
INNER in BALL	1	27	1061	ID GRIND	BRYANT	PRESSURE ROTOR	4559-17-				0
INNER in BALL	1	28	1061	ID GRIND	BRYANT	PLUG GAUGE	4559-18-				0
INNER in BALL	1	29	1061	ID GRIND	BRYANT	SETTING GAUGE	4559-19-				0
INNER in BALL	1	30	1061	ID GRIND	BRYANT	MASTER RING GAUGE	4559-20-				0
INNER in BALL	1	31	1061	ID GRIND	BRYANT	VERTICAL PLATE	7559-02-				0
INNER in BALL	1	32	1061	ID GRIND	BRYANT	AIR BEARING					0
INNER in BALL	1	33	1061	ID GRIND	BRYANT		7559-02-				0
INNER in BALL	1	35	1061	ID GRIND	BRYANT	CENTER RING					0
INNER in BALL	1	36	1061	ID GRIND	BRYANT		7559-02-				0
レシプロ－	1	7	0081	TURNING ⏎ (SHIMADA 6 SPINDLE)		4013-01-					0
レシプロ－	1	8	0081	TURNING ⏎ (SHIMADA 6 SPINDLE)		4013-02-					0
レシプロ－	1	9	0081	TURNING ⏎ (SHIMADA 6 SPINDLE)		4013-03-					0
レシプロ－	1	13	0451	RECESS		4667-10-					0
レシプロ－	1	14	1061	ID GRIND		4852-13-					0
レシプロ－	1	15	1061	ID GRIND		4852-05-					0
レシプロ－	1	16	1061	ID GRIND		4800-42-					0
レシプロ－	1	17	1161	GROOVE GRIND		4837-08-					0
レシプロ－	1	18	1161	GROOVE GRIND		4800-42-					0
JWAVE	1	7	2511	TEFLON BONDING		BONDING ARBER	BA			Select：Engineering	0
JWAVE	1	8	2561	TRIM		COLLET	4030-01-				0
JWAVE	1	9	2401	SWAGE		SWAGE DIE	4571-01-		SD	Select：Engineering	0
JWAVE	1	10	2401	SWAGE		DIE PIN	4571-02-		DP		0
JWAVE	1	11	2401	SWAGE		GUIDE PIN	4571-03-		GP		0
JWAVE	1	12	2071	TURN SPH.	TURN SPH. OD ⏎ (X-100)	CONCENTRICITY ⏎ MEASURING PIN	9901-09-				0
JWAVE	1	13	2071	TURN SPH.	TURN SPH. OD ⏎ (X-100)	ARBOR	4857-01-		RE33039		0
JWAVE	1	14	2071	TURN SPH.	TURN SPH. OD ⏎ (X-100)	ARBOR PIN	4857-02-				0
JWAVE	1	15	2071	TURN SPH.	TURN SPH. OD ⏎ (X-100)	CENTER	4857-03-				0
JWAVE	1	16	2071	TURN SPH.	TURN SPH. OD ⏎ (X-100)	WRIST END	4857-04-				0
JWAVE	1	17	2071	TURN SPH.	TURN SPH. OD ⏎ (X-100)	LOADER JAW				RACE OD φ8～18 ：0009 ⏎ φ18～30 ：0003 ⏎ φ30～45 ：0004	0
JWAVE	1	18	2071	TURN SPH.	TURN SPH. OD ⏎ (X-100)		4857-06-				0
JWAVE	1	20	2071	TURN SPH.	TURN SPH. OD ⏎ (X-100)	INVERSION JAW	4857-08-			ID φ3～4 ：0016 ⏎ φ4～8 ：0015 ⏎ φ8～16 ：0002 ⏎ φ16～23 ：0012	0
JWAVE	1	24	2071	TURN SPH.	TURN SPH END FACE ⏎ (J-WAVE) ⏎ ⏎ ※(SPH BRG TURN)	COLLET OP1	4879-04-				0
JWAVE	1	25	2071	TURN SPH.	TURN SPH END FACE ⏎ (J-WAVE) ⏎ ⏎ ※(SPH BRG TURN)	COLLET OP2	4879-05-				0
JWAVE	1	26	2071	TURN SPH.	TURN SPH END FACE ⏎ (J-WAVE) ⏎ ⏎ ※(SPH BRG TURN)	GUIDE PIN HOLDER	4879-03-				0
JWAVE	1	27	2071	TURN SPH.	TURN SPH END FACE ⏎ (J-WAVE) ⏎ ⏎ ※(SPH BRG TURN)	GUIDE PIN	4879-03-				0
JWAVE	1	28	2071	TURN SPH.	TURN SPH END FACE ⏎ (J-WAVE) ⏎ ⏎ ※(SPH BRG TURN)	WRIST END ASSY	4879-06-				0
JWAVE	1	29	2071	TURN SPH.	TURN SPH END FACE ⏎ (J-WAVE) ⏎ ⏎ ※(SPH BRG TURN)	WRIST END	4879-06-				0
JWAVE	1	30	2071	TURN SPH.	TURN SPH END FACE ⏎ (J-WAVE) ⏎ ⏎ ※(SPH BRG TURN)	COLLAR	4879-06-				0
JWAVE	1	31	2071	TURN SPH.	TURN SPH END FACE ⏎ (J-WAVE) ⏎ ⏎ ※(SPH BRG TURN)	SPRING	(			MISUMI	0
JWAVE	1	32	2071	TURN SPH.	TURN SPH END FACE ⏎ (J-WAVE) ⏎ ⏎ ※(SPH BRG TURN)	SET SCREW	(			MISUMI	0
JWAVE	1	33	2071	TURN SPH.	TURN SPH END FACE ⏎ (J-WAVE) ⏎ ⏎ ※(SPH BRG TURN)	INVERSION JAW	4879-02-				0
JWAVE	1	34	2071	TURN SPH.	(FTL)	COLLET OP1	4501-01-		RE33026	FTL selection is not basic ⏎ Only when requested ⏎ (20171201)	0
JWAVE	1	35	2071	TURN SPH.	(FTL)	PUSHER OP1	4501-02-				0
JWAVE	1	36	2071	TURN SPH.	(FTL)	COLLET OP2	4501-01-				0
JWAVE	1	37	2071	TURN SPH.	(FTL)	PUSHER OP2	4501-02-				0
JWAVE	1	38	2071	TURN SPH.	-	INSERT ⏎ NOSE R=0.25 ONLY	T-51-			524：INTERIOR=30°・EXTERIOR=30°(ETN series) ⏎ 525：INTERIOR=20°・EXTERIOR=30°(MHTxxV-60A series)	0
JWAVE	1	39	2411	RELEASE		WORK GUIDE	4606-03-			0001：ODφ20～40 ⏎ 0002：ODφ15.875～20	0
JWAVE	1	41	2411	RELEASE		SET STICK	4606-08-			W+0.5	0
JWAVE	1	42	2411	RELEASE		PIN	4606-10-			※Select if "REQUIRED".	0
JWAVE	1	43	2411	RELEASE		WORK HOLDER	9713-10-			※HI Torque is select	0
JWAVE	1	44	3161	WELD SEAL		ARBOR	4639-02-			WJ	0
JWAVE	1	45	3161	WELD SEAL		RING	4639-04-			WW	0
JWAVE	1	46	3161	WELD SEAL		RING	4639-04-			WW	0
JWAVE	1	47	1011	OD GRIND		RACE PUSHER	4560-18-				0
JWAVE	1	48	1011	OD GRIND		SET PIN	4560-21-				0
JWAVE	1	49	1011	OD GRIND		COLLAR	4560-10- ⏎ 4560-11-			※There is a possibility of falling=Select ⏎ ⇒Confirmation to process Only when requested	0
JWAVE	1	50	1011	OD GRIND		PIN	4560-04-				0
JWAVE	1	51	3491	L/MARKING		UNIVERSAL PALLET ASSY	4918-01-0001-99			General purpose	0
SPH(DT)	1	7	2511	TEFLON BODING		BONDING ARBOR	BA			Select：Engineering	0
SPH(DT)	1	8	2561	TRIM		COLLET	4030-01-				0
SPH(DT)	1	9	2401	SWAGE		SWAGE DIE	4571-01-		SD	Select：Engineering	0
SPH(DT)	1	10	2401	SWAGE		DIE PIN	4571-02-		DP		0
SPH(DT)	1	11	2401	SWAGE		GUIDE PIN	4571-03-		GP		0
SPH(DT)	1	12	2071	SPH BRG TURN	⏎ X-100	CONCENTRICITY ⏎ MEASURING PIN	9901-09-				0
SPH(DT)	1	13	2071	SPH BRG TURN	⏎ X-100	ARBOR	4857-01-		RE33039		0
SPH(DT)	1	14	2071	SPH BRG TURN	⏎ X-100	ARBOR PIN	4857-02-				0
SPH(DT)	1	15	2071	SPH BRG TURN	⏎ X-100	CENTER	4857-03-				0
SPH(DT)	1	16	2071	SPH BRG TURN	⏎ X-100	WRIST END	4857-04-				0
SPH(DT)	1	17	2071	SPH BRG TURN	⏎ X-100	LOADER JAW				RACE OD φ8～18 ：0009 ⏎ φ18～30 ：0003 ⏎ φ30～45 ：0004	0
SPH(DT)	1	18	2071	SPH BRG TURN	⏎ X-100		4857-06-				0
SPH(DT)	1	20	2071	SPH BRG TURN	⏎ X-100	INVERSION JAW	4857-08-			ID φ3～4 ：0016 ⏎ φ4～8 ：0015 ⏎ φ8～16 ：0002 ⏎ φ16～23 ：0012	0
SPH(DT)	1	24	2071	SPH BRG TURN	XD-8	COLLET	4858-22-		RE33040	OD MAX + 0.3 OK	0
SPH(DT)	1	25	2071	SPH BRG TURN	XD-8	STOPPER L	4858-15-				0
SPH(DT)	1	26	2071	SPH BRG TURN	XD-8	STOPPER R	4858-17-				0
SPH(DT)	1	27	2071	SPH BRG TURN	XD-8	WRIST END ASSY	4858-01-				0
SPH(DT)	1	28	2071	SPH BRG TURN	XD-8	WRIST END	(4858-01-				0
SPH(DT)	1	29	2071	SPH BRG TURN	XD-8	COLLAR	(4858-01-				0
SPH(DT)	1	30	2071	SPH BRG TURN	XD-8	PIN	(4858-09-				0
SPH(DT)	1	31	2071	SPH BRG TURN	XD-8	SPRING	(				0
SPH(DT)	1	32	2071	SPH BRG TURN	XD-8	SCREW BOLT	(				0
SPH(DT)	1	33	2071	SPH BRG TURN	XD-8	LOADER JAW	4858-08-			OD φ10～15：0005 ⏎ φ15～25：0002 ⏎ φ25～35：0003 ⏎ φ35～42：0004	0
SPH(DT)	1	37	2071	SPH BRG TURN	XD-8	WORK STOPPER	4858-11-				0
SPH(DT)	1	38	2071	SPH BRG TURN	XD-8	INVERSION JAW	4858-12-			OD φ14～20：0001 ⏎ φ20～27：0002 ⏎ φ27～33：0004 ⏎ φ33～40：0003	0
SPH(DT)	1	42	2071	SPH BRG TURN	(FTL)	COLLET OP1	4501-01-		RE33026	FTL selection is not basic ⏎ Only when requested ⏎ (20171201)	0
SPH(DT)	1	43	2071	SPH BRG TURN	(FTL)	PUSHER OP1	4501-02-				0
SPH(DT)	1	44	2071	SPH BRG TURN	(FTL)	COLLET OP2	4501-01-				0
SPH(DT)	1	45	2071	SPH BRG TURN	(FTL)	PUSHER OP2	4501-02-				0
SPH(DT)	1	46	2071	SPH BRG TURN	-	INSERT ⏎ NOSE R=0.25 ONLY	T-51-			524：INTERIOR=30°・EXTERIOR=30°(ETN series) ⏎ 525：INTERIOR=20°・EXTERIOR=30°(MHTxxV-60A series)	0
SPH(DT)	1	47	2411 ⏎ 2412	RELEASE ⏎ RELEASE(2)		WORK GUIDE	4606-03-			0001：φ20～40 ⏎ 0002：φ15.875～20	0
SPH(DT)	1	49	2411 ⏎ 2412	RELEASE ⏎ RELEASE(2)		SET STICK	4606-08-			W+0.5	0
SPH(DT)	1	50	2411 ⏎ 2412	RELEASE ⏎ RELEASE(2)		PIN	4606-10-			※Select if "REQUIRED".	0
SPH(DT)	1	51	2411 ⏎ 2412	RELEASE ⏎ RELEASE(2)		WORK HOLDER	9713-10-			※HI Torque is select	0
SPH(DT)	1	52	3161	WELD SEAL		ARBOR	4639-02-			WJ	0
SPH(DT)	1	53	3161	WELD SEAL		RING	4639-04-			WW	0
SPH(DT)	1	54	3161	WELD SEAL		RING	4639-04-			WW	0
SPH(DT)	1	55	1011	OD GRIND		RACE PUSHER	4560-18-				0
SPH(DT)	1	56	1011	OD GRIND		SET PIN	4560-21-				0
SPH(DT)	1	57	1011	OD GRIND		COLLAR	4560-10- ⏎ 4560-11-			※There is a possibility of falling=Select ⏎ ⇒Confirmation to process Only when requested	0
SPH(DT)	1	58	1011	OD GRIND		PIN	4560-04-				0
SPH(DT)	1	59	3491	L/MARKING		UNIVERSAL PALLET ASSY	4918-01-0001-99			General purpose	0
SPH(D→T)	1	7	2511	TEFLON BODING		BONDING ARBOR	BA			Select：Engineering	0
SPH(D→T)	1	8	2561	TRIM		COLLET	4030-01-				0
SPH(D→T)	1	9	2401	SWAGE		SWAGE DIE	4571-01-		SD	Select：Engineering	0
SPH(D→T)	1	10	2401	SWAGE		DIE PIN	4571-02-		DP		0
SPH(D→T)	1	11	2401	SWAGE		GUIDE PIN	4571-03-		GP		0
SPH(D→T)	1	12	2031	TURN SPH. OD	X-100	CONCENTRICITY ⏎ MEASURING PIN	9901-09-				0
SPH(D→T)	1	13	2031	TURN SPH. OD	X-100	ARBOR	4857-01-		RE33039		0
SPH(D→T)	1	14	2031	TURN SPH. OD	X-100	ARBOR PIN	4857-02-				0
SPH(D→T)	1	15	2031	TURN SPH. OD	X-100	CENTER	4857-03-				0
SPH(D→T)	1	16	2031	TURN SPH. OD	X-100	WRIST END	4857-04-				0
SPH(D→T)	1	17	2031	TURN SPH. OD	X-100	LOADER JAW	4857-06-			RACE OD φ8～18：0009 ⏎ φ18～30：0003 ⏎ φ30～45：0004	0
SPH(D→T)	1	20	2031	TURN SPH. OD	X-100	INVERSION JAW	4857-08-			ID φ3～ 4：0016 ⏎ φ4～8：0015 ⏎ φ8～16：0002 ⏎ φ16～23：0012	0
SPH(D→T)	1	24	2031	TURN SPH. OD	(FTL)	COLLET OP1	4501-01-		RE33026	FTL selection is not basic ⏎ Only when requested ⏎ (20171201)	0
SPH(D→T)	1	25	2031	TURN SPH. OD	(FTL)	PUSHER OP1	4501-02-				0
SPH(D→T)	1	26	2031	TURN SPH. OD	(FTL)	COLLET OP2	4501-01-				0
SPH(D→T)	1	27	2031	TURN SPH. OD	(FTL)	PUSHER OP2	4501-02-				0
SPH(D→T)	1	28	2411 ⏎ 2412	RELEASE ⏎ RELEASE(2)		WORK GUIDE	4606-03-			0001：φ20～40 ⏎ 0002：φ15.875～20	0
SPH(D→T)	1	30	2411 ⏎ 2412	RELEASE ⏎ RELEASE(2)		SET STICK	4606-08-			W+0.5	0
SPH(D→T)	1	31	2411 ⏎ 2412	RELEASE ⏎ RELEASE(2)		PIN	4606-10-			※Select if "REQUIRED".	0
SPH(D→T)	1	32	2411 ⏎ 2412	RELEASE ⏎ RELEASE(2)		WORK HOLDER	9713-10-			※HI Torque is select	0
SPH(D→T)	1	33	2071 ⏎ 2021	SPH BRG TURN ⏎ TURN SPH END FACE	XD-8	COLLET	4858-22-		RE33040	OD MAX + 0.3 OK	0
SPH(D→T)	1	34	2071 ⏎ 2021	SPH BRG TURN ⏎ TURN SPH END FACE	XD-8	STOPPER L	4858-15-				0
SPH(D→T)	1	35	2071 ⏎ 2021	SPH BRG TURN ⏎ TURN SPH END FACE	XD-8	COLLET	4858-22-			OD MAX + 0.3 OK	0
SPH(D→T)	1	36	2071 ⏎ 2021	SPH BRG TURN ⏎ TURN SPH END FACE	XD-8	STOPPER R	4858-17-				0
SPH(D→T)	1	37	2071 ⏎ 2021	SPH BRG TURN ⏎ TURN SPH END FACE	XD-8	WRIST END ASSY	4858-01-				0
SPH(D→T)	1	38	2071 ⏎ 2021	SPH BRG TURN ⏎ TURN SPH END FACE	XD-8	WRIST END	(4858-01-				0
SPH(D→T)	1	39	2071 ⏎ 2021	SPH BRG TURN ⏎ TURN SPH END FACE	XD-8	COLLAR	(4858-01-				0
SPH(D→T)	1	40	2071 ⏎ 2021	SPH BRG TURN ⏎ TURN SPH END FACE	XD-8	PIN	(4858-09-				0
SPH(D→T)	1	41	2071 ⏎ 2021	SPH BRG TURN ⏎ TURN SPH END FACE	XD-8	SPRING	(				0
SPH(D→T)	1	42	2071 ⏎ 2021	SPH BRG TURN ⏎ TURN SPH END FACE	XD-8	SCREW BOLT	(				0
SPH(D→T)	1	43	2071 ⏎ 2021	SPH BRG TURN ⏎ TURN SPH END FACE	XD-8	LOADER JAW	4858-08-			OD φ10～15：0005 ⏎ φ15～25：0002 ⏎ φ25～35：0003 ⏎ φ35～42：0004	0
SPH(D→T)	1	47	2071 ⏎ 2021	SPH BRG TURN ⏎ TURN SPH END FACE	XD-8	WORK STOPPER	4858-11-				0
SPH(D→T)	1	48	2071 ⏎ 2021	SPH BRG TURN ⏎ TURN SPH END FACE	XD-8	INVERSION JAW	4858-12-			OD φ14～20：0001 ⏎ φ20～27：0002 ⏎ φ27～33：0004 ⏎ φ33～40：0003	0
SPH(D→T)	1	52	2071 ⏎ 2021	SPH BRG TURN ⏎ TURN SPH END FACE	(FTL)	COLLET OP1	4501-01-		RE33026	FTL selection is not basic ⏎ Only when requested ⏎ (20171201)	0
SPH(D→T)	1	53	2071 ⏎ 2021	SPH BRG TURN ⏎ TURN SPH END FACE	(FTL)	PUSHER OP1	4501-02-				0
SPH(D→T)	1	54	2071 ⏎ 2021	SPH BRG TURN ⏎ TURN SPH END FACE	(FTL)	COLLET OP2	4501-01-				0
SPH(D→T)	1	55	2071 ⏎ 2021	SPH BRG TURN ⏎ TURN SPH END FACE	(FTL)	PUSHER OP2	4501-02-				0
SPH(D→T)	1	56	2071 ⏎ 2021	SPH BRG TURN ⏎ TURN SPH END FACE	-	INSERT ⏎ NOSE R=0.25 ONLY	T-51-			524：INTERIOR=30°・EXTERIOR=30°(ETN series) ⏎ 525：INTERIOR=20°・EXTERIOR=30°(MHTxxV-60A series)	0
SPH(D→T)	1	57	3161	WELD SEAL		ARBOR	4639-02-			WJ	0
SPH(D→T)	1	58	3161	WELD SEAL		RING	4639-04-			WW	0
SPH(D→T)	1	59	3161	WELD SEAL		RING	4639-04-			WW	0
SPH(D→T)	1	60	1011	OD GRIND		RACE PUSHER	4560-18-				0
SPH(D→T)	1	61	1011	OD GRIND		SET PIN	4560-21-				0
SPH(D→T)	1	62	1011	OD GRIND		COLLAR	4560-10- ⏎ 4560-11-			※There is a possibility of falling=Select ⏎ ⇒Confirmation to process Only when requested	0
SPH(D→T)	1	63	1011	OD GRIND		PIN	4560-04-				0
SPH(D→T)	1	64	3491	L/MARKING		UNIVERSAL PALLET ASSY	4918-01-0001-99			General purpose	0
SPH(D→DT)	1	7	2511	TEFLON BODING		BONDING ARBOR	BA			Select：Engineering	0
SPH(D→DT)	1	8	2561	TRIM		COLLET	4030-01-				0
SPH(D→DT)	1	9	2401	SWAGE		SWAGE DIE	4571-01-		SD	Select：Engineering	0
SPH(D→DT)	1	10	2401	SWAGE		DIE PIN	4571-02-		DP		0
SPH(D→DT)	1	11	2401	SWAGE		GUIDE PIN	4571-03-		GP		0
SPH(D→DT)	1	12	2031	TURN SPH OD	X-100	CONCENTRICITY ⏎ MEASURING PIN	9901-09-				0
SPH(D→DT)	1	13	2031	TURN SPH OD	X-100	ARBOR	4857-01-		RE33039		0
SPH(D→DT)	1	14	2031	TURN SPH OD	X-100	ARBOR PIN	4857-02-				0
SPH(D→DT)	1	15	2031	TURN SPH OD	X-100	CENTER	4857-03-				0
SPH(D→DT)	1	16	2031	TURN SPH OD	X-100	WRIST END	4857-04-				0
SPH(D→DT)	1	17	2031	TURN SPH OD	X-100	LOADER JAW	4857-06-			RACE OD φ8～18：0009 ⏎ φ18～30：0003 ⏎ φ30～45：0004	0
SPH(D→DT)	1	20	2031	TURN SPH OD	X-100	INVERSION JAW	4857-08-			ID φ3～ 4：0016 ⏎ φ4～8：0015 ⏎ φ8～16：0002 ⏎ φ16～23：0012	0
SPH(D→DT)	1	24	2031	TURN SPH OD	(FTL)	COLLET OP1	4501-01-		RE33026	FTL selection is not basic ⏎ Only when requested ⏎ (20171201)	0
SPH(D→DT)	1	25	2031	TURN SPH OD	(FTL)	PUSHER OP1	4501-02-				0
SPH(D→DT)	1	26	2031	TURN SPH OD	(FTL)	COLLET OP2	4501-01-				0
SPH(D→DT)	1	27	2031	TURN SPH OD	(FTL)	PUSHER OP2	4501-02-				0
SPH(D→DT)	1	28	2411 ⏎ 2412	RELEASE ⏎ RELEASE(2)		WORK GUIDE	4606-03-			0001：φ20～40 ⏎ 0002：φ15.875～20	0
SPH(D→DT)	1	30	2411 ⏎ 2412	RELEASE ⏎ RELEASE(2)		SET STICK	4606-08-			W+0.5	0
SPH(D→DT)	1	31	2411 ⏎ 2412	RELEASE ⏎ RELEASE(2)		PIN	4606-10-			※Select if "REQUIRED".	0
SPH(D→DT)	1	32	2411 ⏎ 2412	RELEASE ⏎ RELEASE(2)		WORK HOLDER	9713-10-			※HI Torque is select	0
SPH(D→DT)	1	33	2071	SPH BRG TURN ⏎ (DT)	X-100	CONCENTRICITY ⏎ MEASURING PIN	9901-09-				0
SPH(D→DT)	1	34	2071	SPH BRG TURN ⏎ (DT)	X-100	ARBOR	4857-01-		RE33039		0
SPH(D→DT)	1	35	2071	SPH BRG TURN ⏎ (DT)	X-100	ARBOR PIN	4857-02-				0
SPH(D→DT)	1	36	2071	SPH BRG TURN ⏎ (DT)	X-100	CENTER	4857-03-				0
SPH(D→DT)	1	37	2071	SPH BRG TURN ⏎ (DT)	X-100	WRIST END	4857-04-				0
SPH(D→DT)	1	38	2071	SPH BRG TURN ⏎ (DT)	X-100	LOADER JAW	4857-06-			RACE OD φ8～18：0009 ⏎ φ18～30：0003 ⏎ φ30～45：0004	0
SPH(D→DT)	1	41	2071	SPH BRG TURN ⏎ (DT)	X-100	INVERSION JAW	4857-08-			ID φ3～ 4：0016 ⏎ φ4～8：0015 ⏎ φ8～16：0002 ⏎ φ16～23：0012	0
SPH(D→DT)	1	45	2071	SPH BRG TURN ⏎ (DT)	XD-8	COLLET	4858-22-		RE33040	for OP1：OD=2031「TURN SPH OD」、OD MAX + 0.3 OK	0
SPH(D→DT)	1	46	2071	SPH BRG TURN ⏎ (DT)	XD-8	COLLET	4858-22-			for OP2：OD=2071「SPH BRG TURN」、OD MAX + 0.3 OK	0
SPH(D→DT)	1	47	2071	SPH BRG TURN ⏎ (DT)	XD-8	STOPPER L	4858-15-			SPH中心が、コレット端面とほぼ同じであること	0
SPH(D→DT)	1	48	2071	SPH BRG TURN ⏎ (DT)	XD-8	STOPPER R	4858-17-			SPH中心が、コレット端面から1mm程度飛び出すこと	0
SPH(D→DT)	1	49	2071	SPH BRG TURN ⏎ (DT)	XD-8	WRIST END ASSY	4858-01-				0
SPH(D→DT)	1	50	2071	SPH BRG TURN ⏎ (DT)	XD-8	WRIST END	(4858-01-				0
SPH(D→DT)	1	51	2071	SPH BRG TURN ⏎ (DT)	XD-8	COLLAR	(4858-01-				0
SPH(D→DT)	1	52	2071	SPH BRG TURN ⏎ (DT)	XD-8	PIN	(4858-09-				0
SPH(D→DT)	1	53	2071	SPH BRG TURN ⏎ (DT)	XD-8	SPRING	(				0
SPH(D→DT)	1	54	2071	SPH BRG TURN ⏎ (DT)	XD-8	SCREW BOLT	(				0
SPH(D→DT)	1	55	2071	SPH BRG TURN ⏎ (DT)	XD-8	LOADER JAW	4858-08-			OD φ10～15：0005 ⏎ φ15～25：0002 ⏎ φ25～35：0003 ⏎ φ35～42：0004	0
SPH(D→DT)	1	59	2071	SPH BRG TURN ⏎ (DT)	XD-8	WORK STOPPER	4858-11-				0
SPH(D→DT)	1	60	2071	SPH BRG TURN ⏎ (DT)	XD-8	INVERSION JAW	4858-12-			OD φ14～20：0001 ⏎ φ20～27：0002 ⏎ φ27～33：0004 ⏎ φ33～40：0003	0
SPH(D→DT)	1	64	2071	SPH BRG TURN ⏎ (DT)	(FTL)	COLLET OP1	4501-01-		RE33026	FTL selection is not basic ⏎ Only when requested ⏎ (20171201)	0
SPH(D→DT)	1	65	2071	SPH BRG TURN ⏎ (DT)	(FTL)	PUSHER OP1	4501-02-				0
SPH(D→DT)	1	66	2071	SPH BRG TURN ⏎ (DT)	(FTL)	COLLET OP2	4501-01-				0
SPH(D→DT)	1	67	2071	SPH BRG TURN ⏎ (DT)	(FTL)	PUSHER OP2	4501-02-				0
SPH(D→DT)	1	68	2071	SPH BRG TURN ⏎ (DT)	-	INSERT ⏎ (NOSE R=0.25 ONLY)	T-51-			524：INTERIOR=30°・EXTERIOR=30°(ETN series) ⏎ 525：INTERIOR=20°・EXTERIOR=30°(MHTxxV-60A series)	0
SPH(D→DT)	1	69	3161	WELD SEAL		ARBOR	4639-02-			WJ	0
SPH(D→DT)	1	70	3161	WELD SEAL		RING	4639-04-			WW	0
SPH(D→DT)	1	71	3161	WELD SEAL		RING	4639-04-			WW	0
SPH(D→DT)	1	72	1011	OD GRIND		RACE PUSHER	4560-18-				0
SPH(D→DT)	1	73	1011	OD GRIND		SET PIN	4560-21-				0
SPH(D→DT)	1	74	1011	OD GRIND		COLLAR	4560-10- ⏎ 4560-11-			※There is a possibility of falling=Select ⏎ ⇒Confirmation to process Only when requested	0
SPH(D→DT)	1	75	1011	OD GRIND		PIN	4560-04-				0
SPH(D→DT)	1	76	3491	L/MARKING		UNIVERSAL PALLET ASSY	4918-01-0001-99			General purpose	0
SPH 中型	1	7	2511	TEFLON BODING		BONDING ARBOR	BA			Select：Engineering	0
SPH 中型	1	8	2561	TRIM		COLLET	4030-01-				0
SPH 中型	1	9	2401	SWAGE		SWAGE DIE	4571-01-		SD	Select：Engineering	0
SPH 中型	1	10	2401	SWAGE		DIE PIN	4571-02-		DP		0
SPH 中型	1	11	2401	SWAGE		GUIDE PIN	4571-03-		GP		0
SPH 中型	1	12	2071	TURN SPH.	(X-100)	CONCENTRICITY ⏎ MEASURING PIN	9901-09-				0
SPH 中型	1	13	2071	TURN SPH.	(X-100)	ARBOR	4857-01-		RE33039	RACE OD 40＜Manual processing：X-100 ⏎ Use This 3JIG	0
SPH 中型	1	14	2071	TURN SPH.	(X-100)	ARBOR PIN	4857-02-				0
SPH 中型	1	15	2071	TURN SPH.	(X-100)	CENTER	4857-03-				0
SPH 中型	1	16	2071	TURN SPH.	(FTL)	COLLET OP1	4501-01-		RE33026	FTL selection is not basic ⏎ Only when requested ⏎ (20171201)	0
SPH 中型	1	17	2071	TURN SPH.	(FTL)	PUSHER OP1	4501-02-				0
SPH 中型	1	18	2071	TURN SPH.	(FTL)	COLLET OP2	4501-01-				0
SPH 中型	1	19	2071	TURN SPH.	(FTL)	PUSHER OP2	4501-02-				0
SPH 中型	1	20	2071	SPH BRG TURN	TUGAMI	CONCENTRICITY ⏎ MEASURING PIN	9901-09-				0
SPH 中型	1	21	2071	SPH BRG TURN	TUGAMI	-				TUGAMI（MB-08Y)：No jig required	0
SPH 中型	1	22	2071	SPH BRG TURN	(FTL)	COLLET OP1	4501-01-		RE33026	FTL selection is not basic ⏎ Only when requested ⏎ (20171201)	0
SPH 中型	1	23	2071	SPH BRG TURN	(FTL)	PUSHER OP1	4501-02-				0
SPH 中型	1	24	2071	SPH BRG TURN	(FTL)	COLLET OP2	4501-01-				0
SPH 中型	1	25	2071	SPH BRG TURN	(FTL)	PUSHER OP2	4501-02-				0
SPH 中型	1	26	2071	SPH BRG TURN	-	INSERT ⏎ NOSE R=0.25 ONLY	T-51-			524：INTERIOR=30°・EXTERIOR=30°(ETN series) ⏎ 525：INTERIOR=20°・EXTERIOR=30°(MHTxxV-60A series)	0
SPH 中型	1	27	2411	RELEASE		WORK GUIDE	4606-03-			0001：φ20～40 ⏎ 0002：φ15.875～20	0
SPH 中型	1	29	2411	RELEASE		SET STICK	4606-08-			W+0.5	0
SPH 中型	1	30	2411	RELEASE		PIN	4606-10-			※Select if "REQUIRED".	0
SPH 中型	1	31	2411	RELEASE		WORK HOLDER	9713-10-			※HI Torque is select	0
SPH 中型	1	32	1011	OD GRIND		RACE PUSHER	4560-18-				0
SPH 中型	1	33	1011	OD GRIND		SET PIN	4560-21-				0
SPH 中型	1	34	1011	OD GRIND		COLLAR	4560-10- ⏎ 4560-11-			※There is a possibility of falling=Select ⏎ ⇒Confirmation to process Only when requested	0
SPH 中型	1	35	1011	OD GRIND		PIN	4560-04-				0
SPH 中型	1	36	3491	L/MARKING		UNIVERSAL PALLET ASSY	4918-01-0001-99			General purpose	0
3PCS	1	7	3491	L/MARKING		PALLET	4918-03-				0
3PCS	1	8	3491	L/MARKING		SPACER	4918-03-				0
3PCS	1	9	2201	INSTALL SPH.		SPH INSERT JIG	4577-04-				0
3PCS	1	10	2201	INSTALL SPH.		ASSEMBLY TOOL	4574-01-		AT	Select：Engineering	0
3PCS	1	11	2201	INSTALL SPH.		GUIDE PIN	4571-03-		GP		0
3PCS	1	12	2211	STAKING		STAKING PUNCH ASSY	4591-21-			Select：Engineering	0
3PCS	1	13	2211	STAKING		INNER RING	4591-21-				0
3PCS	1	14	2211	STAKING		OUTER RING	4591-21-				0
3PCS	1	15	2211	STAKING		STAKING PUNCH	4591-01-		ST		0
3PCS	1	16	2211	STAKING		GUIDE PIN	4571-03-		GP		0
3PCS	1	17	2211	STAKING		SPRING	SWY		MISUMI		0
3PCS	1	18	2211	STAKING		HINGE PIN	SHCLGHN				0
3PCS	1	19	(2211)	(Axial Proof Load Test)		AXIAL PROOF LOAD TEST JIG ASSY	9732-03-				0
3PCS	1	20	(2211)	(Axial Proof Load Test)		PUNCH	9732-02-0		AX0		0
3PCS	1	21	(2211)	(Axial Proof Load Test)		JIG BASE	9732-02-1		AX1		0
3PCS	1	22	(2211)	(Axial Proof Load Test)		GUIDE PIN	9732-02-2		AX2		0
3PCS	1	23	(2211)	(Axial Proof Load Test)		ADAPTER	9732-02-3		AX3		0
3PCS	1	24	(2211)	(Axial Proof Load Test)		PUNCH BASE	9732-10-				0
3PCS	1	25	(2211)	(Axial Proof Load Test)		PUNCH BASE ASSY	9751-07-				0
3PCS	1	26	3041	INSTALL LUB FITTING		PUSHER	4577-21-				0
3PCS	1	27	3041	INSTALL LUB FITTING		NIPPLE INSERT JIG	4577-01-				0
ボール入りRD	1	7	3491	L/MARKING		4918-03-				W/M	0
ボール入りRD	1	8	3491	L/MARKING		4918-03-					0
ボール入りRD	1	9	3131	CHECK CLEARANCE		9764-01-			R/P測定用	W/M	0
ボール入りRD	1	10	3131	CHECK CLEARANCE		9764-01-					0
ボール入りRD	1	11	3131	CHECK CLEARANCE		9764-01-					0
ボール入りRD	1	12	3131	CHECK CLEARANCE		9764-02-					0
ボール入りRD	1	13	3131	CHECK CLEARANCE		9764-02-					0
ボール入りRD	1	14	3131	CHECK CLEARANCE		9764-02-					0
ボール入りRD	1	15	3131	CHECK CLEARANCE		9764-03-					0
ボール入りRD	1	16	3131	CHECK CLEARANCE		(CB	-				1
ボール入りRD	1	17	3131	CHECK CLEARANCE		(CB	-				1
ボール入りRD	1	18	3131	CHECK CLEARANCE		9738-05-			A/P測定用(3Dプリンタ治具4800-68は使用禁止)	W/M	0
ボール入りRD	1	19	3221	HAND ⏎ FEEL ⏎ INSPECT		9713-08-			揺動トルク要求が ⏎ 有る場合のみ設計 ⏎ する。	W/M	0
ボール入りRD	1	20	3221	HAND ⏎ FEEL ⏎ INSPECT		9713-08-					0
ボール入りRD	1	21	3221	HAND ⏎ FEEL ⏎ INSPECT		9713-08-					0
ボール入りRD	1	22	3191	FILL ⏎ GREASE		4800-31-				#N/A	0
ボール入りRD	1	23	3191	FILL ⏎ GREASE		4800-31-					0
ボール入りRD	1	24	3191	FILL ⏎ GREASE		4800-31-					0
ボール入りRD	1	25	3002	ASSEMBLY (2)		4645-01-			・カシメタイプのみ選定 ⏎ （スナップリングリテーナータイプは不要) ⏎ ・オーダーリストWC28→39に手動で打ち変えること。	W/M	0
ボール入りRD	1	26	3002	ASSEMBLY (2)		4645-02-					0
ボール入りRD	1	27	3002	ASSEMBLY (2)		4571-03-					0
S_ROLLER_ASSY	1	7	1041	SPHERICAL ⏎ GRIND	⏎ KS400B1～B3	WORK DRIVER	4664-01-		極力既存品から選択する	球径≦Sφ32まで	0
S_ROLLER_ASSY	1	8	1041	SPHERICAL ⏎ GRIND	⏎ KS400B1～B3	LOADING CHUTE	4664-02-				0
S_ROLLER_ASSY	1	9	1041	SPHERICAL ⏎ GRIND	⏎ KS400B1～B3	SUPPORT BLOCK	4664-03-				0
S_ROLLER_ASSY	1	10	1041	SPHERICAL ⏎ GRIND	⏎ KS400B1～B3	PLUG（A)	4664-06-		PLAG(B)の値を見て選定すること		0
S_ROLLER_ASSY	1	11	1041	SPHERICAL ⏎ GRIND	⏎ KS400B1～B3	PLUG（B)	4664-07-				0
S_ROLLER_ASSY	1	12	1041	SPHERICAL ⏎ GRIND	⏎ KS400B1～B3	PLUG（A)	4664-21-				0
S_ROLLER_ASSY	1	13	1041	SPHERICAL ⏎ GRIND	⏎ KS400B1～B3	PLUG（B)	4664-22-				0
S_ROLLER_ASSY	1	14	1041	SPHERICAL ⏎ GRIND	KN-312A	ARBOR	4828-01-			RE33032	0
S_ROLLER_ASSY	1	15	1041	SPHERICAL ⏎ GRIND	KN-312A	NUT	4828-02-				0
S_ROLLER_ASSY	1	16	1241	SUPER FINISH	KS H70	FINISH WHEEL SIZE	WA or CRYSTAL		スペック→	サイズがあるか確認する事	0
S_ROLLER_ASSY	1	17	1241	SUPER FINISH	KS H70	ROUGH WHEEL SIZE	4691-20-		#800	サイズがあるか確認する事	0
S_ROLLER_ASSY	1	18	1241	SUPER FINISH	KS H70	STONE HOLDER	4691-01-				0
S_ROLLER_ASSY	1	19	1241	SUPER FINISH	KS H70	STOPPER	4691-02-		段付きカラー		0
S_ROLLER_ASSY	1	20	1241	SUPER FINISH	KS H70	COLLET（A）	4691-03-		ID＜12.7		0
S_ROLLER_ASSY	1	21	1241	SUPER FINISH	KS H70	COLLET	4691-19-		12.7≦ID＜41.7 AC7XXXX (TEIKOKU CHUCK)		0
S_ROLLER_ASSY	1	22	1241	SUPER FINISH	KS H70	GRINDSTONE BASE	4691-04-		砥石台		1
S_ROLLER_ASSY	1	23	1241	SUPER FINISH	KS H70	COLLET BODY	4691-18-		AC-8XXX (TEIKOKU CHUCK)	12.7≦ID	0
S_ROLLER_ASSY	1	24	3001	ASSEMBLY		ASSEMBLY TOOL	4645-02-		PT 技術科選定（設計）		0
S_ROLLER_ASSY	1	25	3001	ASSEMBLY			4800-68-		3Dプリンター製（元図があり、技術から依頼があれば生技で設計）		0
S_ROLLER_ASSY	1	26	3121	CLEARANCE SELECT		専用治具不要					1
S_ROLLER_ASSY	1	27	3002	ASSEMBLY(2)		専用治具不要					1
S_ROLLER_ASSY	1	28	3003	ASSEMBLY(3)		専用治具不要					1
S_ROLLER_ASSY	1	29	2211	STAKING		STAKING JIG ASSY	4843-01-		※リベッティングでステーキングの場合、生技で設計。（シールドカシメ）		0
S_ROLLER_ASSY	1	30	2211	STAKING		BASE	4843-01-		技術選定		0
S_ROLLER_ASSY	1	31	2211	STAKING		HEAD	4843-02-				0
S_ROLLER_ASSY	1	33	3491	L/MARKING		PALLET ASSY	4918-01-		主にPOM製		0
S_ROLLER_ASSY	1	34	3491	L/MARKING		PALLET	4918-01-				0
S_ROLLER_ASSY	1	35	3491	L/MARKING		PALLET ASSY	4800-68-		3Dプリンター製		0
S_ROLLER_ASSY	1	36	3491	L/MARKING		PALLET	4800-68-				0
D_ROLLER_ASSY	1	7	1041	SPHERICAL ⏎ GRIND		WORK DRIVER	4828-01-				0
D_ROLLER_ASSY	1	8	1041	SPHERICAL ⏎ GRIND		LOADING CHUTE	4828-02-		GM		0
D_ROLLER_ASSY	1	9	1241	SUPER FINISH	KS-H70	FINISH WHEEL SIZE			WA X X	サイズがあるか確認する事	0
D_ROLLER_ASSY	1	10	1241	SUPER FINISH	KS-H70	ROUGH WHEEL SIZE	4691-20-		#800 D W ° X T		0
D_ROLLER_ASSY	1	11	1241	SUPER FINISH	KS-H70	STONE HOLDER	4691-01-		砥石外径より内径が大きいこと		0
D_ROLLER_ASSY	1	12	1241	SUPER FINISH	KS-H70	STOPPER	4691-02-		選定したAC ADAPTERに対応のこと		0
D_ROLLER_ASSY	1	13	1241	SUPER FINISH	KS-H70	COLLET	4691-03-		これを使用する場合は4691-100001/0002or0003を使用	先端穴径：φ3.5～φ5.3	0
D_ROLLER_ASSY	1	14	1241	SUPER FINISH	KS-H70	GRINDSTONE BASE	4691-04-				1
D_ROLLER_ASSY	1	15	1241	SUPER FINISH	KS-H70	ATTACHMENT			4907-06-0001：0001 ⏎ 4907-06-0002：0002 ⏎ 4907-06-0003：0003		1
D_ROLLER_ASSY	1	16	1241	SUPER FINISH	KS-H70		4907-05-				1
D_ROLLER_ASSY	1	18	1241	SUPER FINISH	KS-H70	CONECTOR ROD	4907-06-		4691-03、AC8100-8300：0001 ⏎ AC8400-8500：0002		1
D_ROLLER_ASSY	1	20	1241	SUPER FINISH	KS-H70	COLLET ADAPTER	4691-10-		現状-0001のみ	ID＜12.7	1
D_ROLLER_ASSY	1	21	1241	SUPER FINISH	KS-H70	JOINT			COLLETの先端穴径によるφ5.3：-0002 ⏎ φ3.5：-0003		1
D_ROLLER_ASSY	1	22	1241	SUPER FINISH	KS-H70		4691-10-				1
D_ROLLER_ASSY	1	23	1241	SUPER FINISH	KS-H70	COLLET BODY	4691-18-		AC-8XXX (TEIKOKU CHUCK)	12.7≦ID	0
D_ROLLER_ASSY	1	24	1241	SUPER FINISH	KS-H70	COLLET	4691-19-		AC7XXXX (TEIKOKU CHUCK)		0
D_ROLLER_ASSY	1	25	1241	SUPER FINISH	KS-H70	END BLOCK	4907-01-		20＜OD≦40, 14＜W＜26, ⏎ (条件満足できない場合は自動供給不可)	自動供給 ⏎ 可 ・ 不可	0
D_ROLLER_ASSY	1	26	1241	SUPER FINISH	KS-H70	FINGER CHUCK	4907-03-				0
D_ROLLER_ASSY	1	27	1241	SUPER FINISH	RA-10	SPHERICITY MEASURING ⏎ JIG ASSY	9901-21-		ボール用真円度測定冶具	※1	0
D_ROLLER_ASSY	1	28	1241	SUPER FINISH	RA-10	BASE	9901-21-				0
D_ROLLER_ASSY	1	29	1241	SUPER FINISH	RA-10	PIN	9901-21-				0
D_ROLLER_ASSY	1	30	3001	ASSEMBLY（1）		ASSEMBLY JIG ASSY	4800-68-		3Dプリンター		0
D_ROLLER_ASSY	1	31	3001	ASSEMBLY（1）		BASE (1)	4800-68-				0
D_ROLLER_ASSY	1	32	3001	ASSEMBLY（1）		SAPPORT (1)	4800-68-				0
D_ROLLER_ASSY	1	33	3001	ASSEMBLY（1）		BASE (2)	4800-68-				0
D_ROLLER_ASSY	1	34	3001	ASSEMBLY（1）		SAPPORT (2)	4800-68-				0
D_ROLLER_ASSY	1	35	3121	CLEARANCE SELECT		専用治具不要					0
D_ROLLER_ASSY	1	36	3002	ASSEMBLY(2)		SLEEVE INSERT JIG ASSY	4800-68-		3Dプリンター		0
D_ROLLER_ASSY	1	37	3002	ASSEMBLY(2)		GUIDE WASHER	4800-68-				0
D_ROLLER_ASSY	1	38	3002	ASSEMBLY(2)		SLEEVE GUIDE	4800-68-				0
D_ROLLER_ASSY	1	39	3002	ASSEMBLY(2)		SOH INSERT JIG	4577-04-				0
D_ROLLER_ASSY	1	40	3002	ASSEMBLY(2)		SLEEVE PUSH JIG ASSY	4577-20-				0
D_ROLLER_ASSY	1	41	3002	ASSEMBLY(2)		BASE 1	4843-20-				0
D_ROLLER_ASSY	1	42	3002	ASSEMBLY(2)		BASE 2	4843-20-				0
D_ROLLER_ASSY	1	43	1061	ID GRIND	GI-20N	YATOI	4561-05-			ID≦φ15.875	0
D_ROLLER_ASSY	1	44	1061	ID GRIND	GI-20N	NUT	4561-06-				0
D_ROLLER_ASSY	1	45	3491	L/RMARKING		PALLET	4918-01-		シールテーナ単体レーザマーキング治具		0
ROLLER PIN	1	22		NC GRIND	minebea ⏎ KS-450C	ROTARY DRESSER	4800-42-		DD		0
ROLLER PIN	1	23		NC GRIND	minebea ⏎ KS-450C	BLADE	4029-01-		オーダーリスト：2PCS		0
ROLLER PIN	1	24		NC GRIND	minebea ⏎ KS-450C	CARRIER (R)	4029-02-		オーダーリスト：2PCS		0
ROLLER PIN	1	25		NC GRIND	minebea ⏎ KS-450C	CARRIER (F)	4029-03-		オーダーリスト：2PCS		0
ROLLER PIN	1	26		NC GRIND	minebea ⏎ KS-450C	SLEEVE	4029-04-		オーダーリスト：2PCS,Subpart of 4029-06-		0
ROLLER PIN	1	27		NC GRIND	minebea ⏎ KS-450C	SEPARATE BLOCK	4029-06-		オーダーリスト：1PCS		0
ROLLER PIN	1	28		NC GRIND	minebea ⏎ KS-450C	SEPARATE PLATE	4029-07-		オーダーリスト：1PCS		0
ROLLER PIN	1	29		NC GRIND	minebea ⏎ KS-450C	LIFTER GUIDE	4029-08-		オーダーリスト：1PCS		0
ROLLER PIN	1	30		NC GRIND	minebea ⏎ KS-450C	LIFTER	4029-09-		オーダーリスト：2PCS		0
ROLLER PIN	1	31		NC GRIND	minebea ⏎ KS-450C	TUBE STAY ⏎ （1号機）			TUBE による。いづれかを選択のこと。 ⏎ NT-4 ： 0002 ⏎ NT-6 ： 0003 ⏎ NT-8 ： 0004		0
ROLLER PIN	1	32		NC GRIND	minebea ⏎ KS-450C		4029-10-				0
ROLLER PIN	1	34		NC GRIND	minebea ⏎ KS-450C	LIFTER STAY（1号機）	4029-10-		LIFTERの子部品(全型式共用)※1号機		0
ROLLER PIN	1	35		NC GRIND	minebea ⏎ KS-450C	TUBE STAY ⏎ （2号機）	4029-15-				0
ROLLER PIN	1	36		NC GRIND	minebea ⏎ KS-450C		4029-16-				0
ROLLER PIN	1	37		NC GRIND	minebea ⏎ KS-450C	GUIDE TUBE (1)	4029-13-		LIFTER GUIDEの子部品/オーダーリスト：2PCS		0
ROLLER PIN	1	38		NC GRIND	minebea ⏎ KS-450C	GUIDE TUBE (2)	4029-14		LIFTER GUIDEの子部品/オーダーリスト：2PCS		0
ROLLER PIN	1	39		NC GRIND	minebea ⏎ KS-450C	TUBE	NT-		1号機 MISUMI購入品		0
ROLLER PIN	1	40		NC GRIND	minebea ⏎ KS-450C		N2-4-		2号機 MISUMI購入品		0
LOCK NUT	1	7	0561	MACHINING	マザック ⏎ VCS530C	Mill Keyway Assy	(4908-05-				0
LOCK NUT	1	8	0561	MACHINING	マザック ⏎ VCS530C	Arbor	4908-05-				0
LOCK NUT	1	9	0561	MACHINING	マザック ⏎ VCS530C	Collar	4908-05-				0
LOCK NUT	1	10	0561	MACHINING	マザック ⏎ VCS530C	Nut	4908-05-				0
LOCK NUT	1	11	0561	MACHINING	Cutter	T-slot cutter	X-52-				0
LOCK NUT	1	12	0561	MACHINING	Cutter	End mill cutter	F-51-			x-52無しの場合	0
PB Ring	1	7	1021	FACE GRIND	KVD-300	CARRIER	4036-01-			Under W7mm：SEIBU・HAMAI Both select ⏎ MAXODΦ25	0
PB Ring	1	8	1021	FACE GRIND	KVD-300	CARRIER CUIDE	4036-02-				0
PB Ring	1	9	1011	OD GRIND	OC-16A	RACE PUSHER	4560-18-				0
PB Ring	1	10	1011	OD GRIND	OC-16A	SET PIN	4560-21-				0